eq_id,eq_name,ref,target_unit,n_vars,noise,cand_total,cand_kept,prune_ratio,truncated,n_cols,n_terms,val_rss,r2_train,intercept,truth,pred,verdict,max_rel,ratio,nmse_train,r2_extrap,nmse_extrap,seconds
I.6.2a,I.6.2a,Feynman I.6.2a,1,1,0.0,128,126,0.0156,False,88,1,0.0,1.0,0.0,exp(-theta**2/2)/sqrt(2*pi),0.3989*(exp(-(theta)**2/2)),exact,0.0,1.0,0.0,1.0,0.0,0.138183
I.6.2a,I.6.2a,Feynman I.6.2a,1,1,0.01,128,126,0.0156,False,88,3,1.4e-05,0.999923,-0.000411,exp(-theta**2/2)/sqrt(2*pi),0.3997*(exp(-(theta)**2/2)) + -0.0004523*(theta**(3)*exp(-(theta)**2/2)) + 0.000237*(theta**(2)*sin(theta)) + -0.0004106,up_to_constant,0.050551,0.999754,2e-06,0.999922,4.5e-05,0.121455
I.6.2a,I.6.2a,Feynman I.6.2a,1,1,0.02,128,126,0.0156,False,88,3,5.7e-05,0.99969,-0.000821,exp(-theta**2/2)/sqrt(2*pi),0.4004*(exp(-(theta)**2/2)) + -0.0009046*(theta**(3)*exp(-(theta)**2/2)) + 0.0004739*(theta**(2)*sin(theta)) + -0.0008212,up_to_constant,0.101101,0.999508,6e-06,0.99969,0.000181,0.130274
I.6.2,I.6.2,Feynman I.6.2,1,2,0.0,1840,250,0.8641,True,206,6,0.000851,0.993192,-0.156403,exp(-(theta/sigma)**2/2)/(sqrt(2*pi)*sigma),0.4965*(Abs(sigma)**(-1/2)*tanh(sigma/theta)) + 0.02621*(Abs(theta)**(-1/2)*exp(-(sigma/theta)**2/2)) + -0.01331*(sqrt(Abs(sigma))*sin(theta)) + 0.01272*(sqrt(Abs(theta))*sin(sigma/theta)) + -0.005274*(Abs(sigma)**(-1/2)*1/(sigma/theta)**2) + 0.001334*(sqrt(Abs(theta))*sin(sigma)) + -0.1564,approx,1.667137,0.988175,0.000835,0.898693,0.031012,0.161954
I.6.2,I.6.2,Feynman I.6.2,1,2,0.01,1840,250,0.8641,True,206,6,0.000861,0.993163,-0.156443,exp(-(theta/sigma)**2/2)/(sqrt(2*pi)*sigma),0.4963*(Abs(sigma)**(-1/2)*tanh(sigma/theta)) + 0.02645*(Abs(theta)**(-1/2)*exp(-(sigma/theta)**2/2)) + -0.01331*(sqrt(Abs(sigma))*sin(theta)) + 0.01281*(sqrt(Abs(theta))*sin(sigma/theta)) + -0.005348*(Abs(sigma)**(-1/2)*1/(sigma/theta)**2) + 0.001406*(sqrt(Abs(theta))*sin(sigma)) + -0.1564,approx,1.712313,0.987692,0.000835,0.896201,0.031775,0.14038
I.6.2,I.6.2,Feynman I.6.2,1,2,0.02,1840,250,0.8641,True,206,6,0.000881,0.99298,-0.156483,exp(-(theta/sigma)**2/2)/(sqrt(2*pi)*sigma),0.496*(Abs(sigma)**(-1/2)*tanh(sigma/theta)) + 0.02669*(Abs(theta)**(-1/2)*exp(-(sigma/theta)**2/2)) + -0.01331*(sqrt(Abs(sigma))*sin(theta)) + 0.01289*(sqrt(Abs(theta))*sin(sigma/theta)) + -0.005422*(Abs(sigma)**(-1/2)*1/(sigma/theta)**2) + 0.001478*(sqrt(Abs(theta))*sin(sigma)) + -0.1565,approx,1.75749,0.98721,0.000836,0.893671,0.03255,0.13988
I.6.2b,I.6.2b,Feynman I.6.2b,1,3,0.0,11284,250,0.9778,True,223,3,0.016493,0.864007,0.281567,exp(-((theta-theta1)/sigma)**2/2)/(sqrt(2*pi)*sigma),0.1182*(cos(sigma)) + -0.02668*(Abs(sigma)**(-1/2)*1/(theta/theta1)**2) + -0.01001*(Abs(sigma)**(-1/2)*(theta/theta1)**3) + 0.2816,wrong,0.758622,1.006662,0.012474,0.160676,0.185831,0.534111
I.6.2b,I.6.2b,Feynman I.6.2b,1,3,0.01,11284,250,0.9778,True,223,3,0.016596,0.864223,0.28156,exp(-((theta-theta1)/sigma)**2/2)/(sqrt(2*pi)*sigma),0.1181*(cos(sigma)) + -0.02669*(Abs(sigma)**(-1/2)*1/(theta/theta1)**2) + -0.01002*(Abs(sigma)**(-1/2)*(theta/theta1)**3) + 0.2816,wrong,0.757762,1.006774,0.012474,0.159891,0.186005,0.519086
I.6.2b,I.6.2b,Feynman I.6.2b,1,3,0.02,11284,250,0.9778,True,223,3,0.016721,0.864302,0.281554,exp(-((theta-theta1)/sigma)**2/2)/(sqrt(2*pi)*sigma),0.118*(cos(sigma)) + -0.0267*(Abs(sigma)**(-1/2)*1/(theta/theta1)**2) + -0.01003*(Abs(sigma)**(-1/2)*(theta/theta1)**3) + 0.2816,wrong,0.756903,1.006886,0.012474,0.159104,0.186179,0.545316
I.8.14,I.8.14,Feynman I.8.14,m,4,0.0,33488,250,0.9925,True,231,5,17.067734,0.590767,0.0,sqrt((x2-x1)**2+(y2-y1)**2),2.336*(sin(y1/y2)) + -1.248*(sin(x1/x2)) + -0.4915*(cos(x1/x2)) + 0.3947*(1/(y1/y2)**2) + 0.2131*(Abs(x1)**(-1/2)*(y1/y2)**3),wrong,11.363122,1.297231,0.078396,-15.579615,2.966636,1.801772
I.8.14,I.8.14,Feynman I.8.14,m,4,0.01,33488,250,0.9925,True,231,5,16.95756,0.589641,0.0,sqrt((x2-x1)**2+(y2-y1)**2),2.334*(sin(y1/y2)) + -1.244*(sin(x1/x2)) + -0.4911*(cos(x1/x2)) + 0.3944*(1/(y1/y2)**2) + 0.2129*(Abs(x1)**(-1/2)*(y1/y2)**3),wrong,11.369564,1.297641,0.078396,-15.555959,2.962404,1.774817
I.8.14,I.8.14,Feynman I.8.14,m,4,0.02,33488,250,0.9925,True,231,5,16.852151,0.588421,0.0,sqrt((x2-x1)**2+(y2-y1)**2),2.331*(sin(y1/y2)) + -1.241*(sin(x1/x2)) + -0.4906*(cos(x1/x2)) + 0.3941*(1/(y1/y2)**2) + 0.2128*(Abs(x1)**(-1/2)*(y1/y2)**3),wrong,11.376007,1.298052,0.078397,-15.532323,2.958174,1.778634
I.9.18,I.9.18,Feynman I.9.18,kg*m/s^2,9,0.0,232324,250,0.9989,True,249,10,0.05027,0.942101,0.0,G*m1*m2/((x2-x1)**2+(y2-y1)**2+(z2-z1)**2),-3.558*(Abs(y1)**(-1/2)*Abs(z1)**(-1/2)) + 1.078*(Abs(x1)**(-1/2)*Abs(z1)**(-1/2)) + 0.8014*(1/x1*sqrt(Abs(z2))) + 0.4915*(sqrt(Abs(G))*sqrt(Abs(m1))) + 0.4564*(1/m2*Abs(y2)**(-1/2)) + -0.4136*(sqrt(Abs(y1))*sqrt(Abs(z1))) + 0.3777*(m2) + 0.3771*(sqrt(Abs(x2))*Abs(y1)**(-1/2)) + 0.1849*(y2) + 0.1406*(1/G*Abs(m1)**(-1/2)),wrong,0.700954,0.988642,0.010053,0.518093,0.274337,10.728421
I.9.18,I.9.18,Feynman I.9.18,kg*m/s^2,9,0.01,232324,250,0.9989,True,249,10,0.050125,0.942285,0.0,G*m1*m2/((x2-x1)**2+(y2-y1)**2+(z2-z1)**2),-3.586*(Abs(y1)**(-1/2)*Abs(z1)**(-1/2)) + 1.071*(Abs(x1)**(-1/2)*Abs(z1)**(-1/2)) + 0.8073*(1/x1*sqrt(Abs(z2))) + 0.4921*(sqrt(Abs(G))*sqrt(Abs(m1))) + 0.4646*(1/m2*Abs(y2)**(-1/2)) + -0.416*(sqrt(Abs(y1))*sqrt(Abs(z1))) + 0.381*(m2) + 0.3808*(sqrt(Abs(x2))*Abs(y1)**(-1/2)) + 0.1866*(y2) + 0.1416*(1/G*Abs(m1)**(-1/2)),wrong,0.704055,0.988506,0.010054,0.518145,0.274308,10.747572
I.9.18,I.9.18,Feynman I.9.18,kg*m/s^2,9,0.02,232324,250,0.9989,True,249,10,0.058311,0.942329,0.0,G*m1*m2/((x2-x1)**2+(y2-y1)**2+(z2-z1)**2),-3.613*(Abs(y1)**(-1/2)*Abs(z1)**(-1/2)) + 1.063*(Abs(x1)**(-1/2)*Abs(z1)**(-1/2)) + 0.8131*(1/x1*sqrt(Abs(z2))) + 0.4928*(sqrt(Abs(G))*sqrt(Abs(m1))) + 0.4727*(1/m2*Abs(y2)**(-1/2)) + -0.4183*(sqrt(Abs(y1))*sqrt(Abs(z1))) + 0.3846*(sqrt(Abs(x2))*Abs(y1)**(-1/2)) + 0.3844*(m2) + 0.1883*(y2) + 0.1426*(1/G*Abs(m1)**(-1/2)),wrong,0.707155,0.988371,0.010057,0.518186,0.274284,10.954056
I.10.7,I.10.7,Feynman I.10.7,kg,3,0.0,1984,250,0.874,True,230,10,0.000812,0.999981,0.0,m_0/sqrt(1-v**2/c**2),2.179*(sqrt(Abs(m_0))*(v/c)**3) + -1.527*(1/m_0*(v/c)**3) + 0.9519*(m_0) + 0.1121*(c*tanh(v/c)) + -0.02939*(Abs(m_0)**(-1/2)*v**(2)) + 0.02126*(Abs(c)**(-1/2)*m_0**(2)) + -0.009875*(sqrt(Abs(c))*1/m_0) + -0.002582*(c*v) + 0.002524*(sqrt(Abs(m_0))*v**(2)),up_to_constant,0.021257,0.997445,9e-06,0.997187,0.000553,0.154917
I.10.7,I.10.7,Feynman I.10.7,kg,3,0.01,1984,250,0.874,True,230,10,0.008635,0.999909,0.0,m_0/sqrt(1-v**2/c**2),2.146*(sqrt(Abs(m_0))*(v/c)**3) + -1.6*(1/m_0*(v/c)**3) + 1.046*(m_0) + 0.02588*(1/m_0**(2)) + -0.02029*(sqrt(Abs(m_0))*1/v) + -0.009323*(m_0*1/(v/c)) + 0.004681*(Abs(c)**(-1/2)*m_0**(2)) + 0.001305*(sqrt(Abs(m_0))*1/(v/c)**2) + -0.0006154*(1/m_0*1/(v/c)**2) + -0.0002212*(c**(2)*Abs(m_0)**(-1/2)),up_to_constant,0.016801,0.999884,2e-06,0.99681,0.000627,0.154741
I.10.7,I.10.7,Feynman I.10.7,kg,3,0.02,1984,250,0.874,True,230,2,0.027894,0.999221,0.0,m_0/sqrt(1-v**2/c**2),2.242*(sqrt(Abs(m_0))*(v/c)**3) + 1.013*(m_0),up_to_constant,0.082501,1.004714,5.6e-05,0.997328,0.000525,0.153272
I.11.19,I.11.19,Feynman I.11.19,m^2,6,0.0,94468,250,0.9974,True,249,10,79.929004,0.990087,0.0,x1*y1+x2*y2+x3*y3,-6.391*(sqrt(Abs(x3))*sqrt(Abs(y2))) + 4.119*(x3*sqrt(Abs(y3))) + 3.404*(sqrt(Abs(x2))*y2) + -3.036*(sqrt(Abs(x1))*sqrt(Abs(y3))) + 2.664*(x1*sqrt(Abs(y1))) + 2.25*(sqrt(Abs(y1))*sqrt(Abs(y3))) + -0.8526*(sqrt(Abs(x3))*sqrt(Abs(y1))) + -0.5283*(sqrt(Abs(x2))*sqrt(Abs(y1))) + -0.1227*((x3/y2)**3) + 0.05939*((y1/y3)**3),up_to_constant,0.117159,1.003888,0.000948,0.95077,0.006826,4.135638
I.11.19,I.11.19,Feynman I.11.19,m^2,6,0.01,94468,250,0.9974,True,249,10,81.475051,0.989917,0.0,x1*y1+x2*y2+x3*y3,-6.438*(sqrt(Abs(x3))*sqrt(Abs(y2))) + 4.116*(x3*sqrt(Abs(y3))) + 3.417*(sqrt(Abs(x2))*y2) + -2.983*(sqrt(Abs(x1))*sqrt(Abs(y3))) + 2.651*(x1*sqrt(Abs(y1))) + 2.202*(sqrt(Abs(y1))*sqrt(Abs(y3))) + -0.7892*(sqrt(Abs(x3))*sqrt(Abs(y1))) + -0.5451*(sqrt(Abs(x2))*sqrt(Abs(y1))) + -0.1252*((x3/y2)**3) + 0.06116*((y1/y3)**3),up_to_constant,0.119043,1.003935,0.000949,0.948814,0.007098,4.162361
I.11.19,I.11.19,Feynman I.11.19,m^2,6,0.02,94468,250,0.9974,True,249,10,83.565059,0.989605,0.0,x1*y1+x2*y2+x3*y3,-6.484*(sqrt(Abs(x3))*sqrt(Abs(y2))) + 4.114*(x3*sqrt(Abs(y3))) + 3.431*(sqrt(Abs(x2))*y2) + -2.929*(sqrt(Abs(x1))*sqrt(Abs(y3))) + 2.637*(x1*sqrt(Abs(y1))) + 2.154*(sqrt(Abs(y1))*sqrt(Abs(y3))) + -0.7259*(sqrt(Abs(x3))*sqrt(Abs(y1))) + -0.5619*(sqrt(Abs(x2))*sqrt(Abs(y1))) + -0.1278*((x3/y2)**3) + 0.06293*((y1/y3)**3),up_to_constant,0.120926,1.003982,0.000952,0.946759,0.007382,4.023919
I.12.1,I.12.1,Feynman I.12.1,kg*m/s^2,2,0.0,640,250,0.6094,True,201,1,0.0,1.0,0.0,mu*Nn,1*(Nn*mu),exact,0.0,1.0,0.0,1.0,0.0,0.093647
I.12.1,I.12.1,Feynman I.12.1,kg*m/s^2,2,0.01,640,250,0.6094,True,201,1,0.10651,0.99992,0.0,mu*Nn,1*(Nn*mu),up_to_constant,0.000294,1.000294,0.0,1.0,0.0,0.093235
I.12.1,I.12.1,Feynman I.12.1,kg*m/s^2,2,0.02,640,250,0.6094,True,201,1,0.42604,0.999681,0.0,mu*Nn,1.001*(Nn*mu),up_to_constant,0.000589,1.000589,0.0,0.999999,0.0,0.108724
I.12.2,I.12.2,Feynman I.12.2,kg*m/s^2,4,0.0,5888,250,0.9575,True,238,9,0.010011,0.955738,0.0,q1*q2*r/(4*pi*epsilon*r**3),-0.4882*(sqrt(Abs(q1))*1/r) + 0.3909*(1/epsilon*1/r) + 0.2516*(q1*1/r) + 0.1346*(1/r**(2)) + 0.04667*(q2*1/r) + -0.02012*(1/epsilon*r) + -0.009165*(epsilon*q1) + -0.00759*(Abs(q2)**(-1/2)*1/(q1/q2)**2) + 0.006453*(epsilon*r),wrong,4.478699,0.919454,0.029233,0.85976,0.101741,0.408607
I.12.2,I.12.2,Feynman I.12.2,kg*m/s^2,4,0.01,5888,250,0.9575,True,238,9,0.009887,0.958676,0.0,q1*q2*r/(4*pi*epsilon*r**3),0.7967*(1/epsilon*1/r) + -0.5828*(sqrt(Abs(q1))*1/r) + -0.439*(1/epsilon*1/q1) + 0.2286*(q1*1/r) + 0.1745*(1/r**(2)) + 0.05027*(q2*1/r) + 0.04669*(1/q2**(2)) + 0.03953*(1/q1*r) + -0.003128*(q1*r),wrong,5.429923,1.009356,0.027095,0.754963,0.177768,0.375239
I.12.2,I.12.2,Feynman I.12.2,kg*m/s^2,4,0.02,5888,250,0.9575,True,238,9,0.00981,0.958229,0.0,q1*q2*r/(4*pi*epsilon*r**3),0.7975*(1/epsilon*1/r) + -0.5831*(sqrt(Abs(q1))*1/r) + -0.4398*(1/epsilon*1/q1) + 0.229*(q1*1/r) + 0.1743*(1/r**(2)) + 0.05012*(q2*1/r) + 0.04659*(1/q2**(2)) + 0.03964*(1/q1*r) + -0.003147*(q1*r),wrong,5.435478,1.006922,0.027103,0.754522,0.178088,0.359262
I.12.4,I.12.4,Feynman I.12.4,kg*m/s^3/A,3,0.0,124,124,0.0,False,123,10,0.000893,0.993842,0.0,q1*r/(4*pi*epsilon*r**3),-0.04938*(Abs(epsilon)**(-1/2)*1/r) + 0.04456*(1/epsilon*q1*1/r) + 0.03262*(1/epsilon*1/r) + 0.0324*(1/r**(2)) + 0.005025*(1/epsilon*q1**(2)*1/r) + -0.001892*(1/epsilon*q1**(2)*r) + 0.0002741*(1/epsilon*q1**(2)*r**(2)) + 1.993e-05*(q1**(2)*r**(2)) + -1.992e-05*(epsilon**(2)*q1) + -1.177e-05*(r**(3)),approx,1.04318,0.962514,0.003629,0.963896,0.02649,0.061548
I.12.4,I.12.4,Feynman I.12.4,kg*m/s^3/A,3,0.01,124,124,0.0,False,123,10,0.000913,0.993721,0.0,q1*r/(4*pi*epsilon*r**3),-0.04924*(Abs(epsilon)**(-1/2)*1/r) + 0.04548*(1/epsilon*q1*1/r) + 0.03233*(1/r**(2)) + 0.03152*(1/epsilon*1/r) + 0.004871*(1/epsilon*q1**(2)*1/r) + -0.001898*(1/epsilon*q1**(2)*r) + 0.0002752*(1/epsilon*q1**(2)*r**(2)) + 2.032e-05*(q1**(2)*r**(2)) + -1.989e-05*(epsilon**(2)*q1) + -1.268e-05*(r**(3)),approx,1.06839,0.961585,0.003632,0.963184,0.027012,0.066627
I.12.4,I.12.4,Feynman I.12.4,kg*m/s^3/A,3,0.02,124,124,0.0,False,123,10,0.000936,0.993793,0.0,q1*r/(4*pi*epsilon*r**3),-0.04828*(Abs(epsilon)**(-1/2)*1/r) + 0.04663*(1/epsilon*q1*1/r) + 0.03406*(1/r**(2)) + 0.0273*(1/epsilon*1/r) + 0.004758*(1/epsilon*q1**(2)*1/r) + -0.001909*(1/epsilon*q1**(2)*r) + 0.0002809*(1/epsilon*q1**(2)*r**(2)) + -5.467e-05*(epsilon**(2)*q1*1/r) + 1.804e-05*(q1**(2)*r**(2)) + -1.402e-05*(r**(3)),approx,1.081478,0.96451,0.003438,0.964479,0.026062,0.064703
I.12.5,I.12.5,Feynman I.12.5,kg*m/s^2,2,0.0,40,40,0.0,False,39,1,0.0,1.0,0.0,q2*Ef,1*(Ef*q2),exact,0.0,1.0,0.0,1.0,0.0,0.060718
I.12.5,I.12.5,Feynman I.12.5,kg*m/s^2,2,0.01,40,40,0.0,False,39,1,0.10651,0.99992,0.0,q2*Ef,1*(Ef*q2),up_to_constant,0.000294,1.000294,0.0,1.0,0.0,0.064049
I.12.5,I.12.5,Feynman I.12.5,kg*m/s^2,2,0.02,40,40,0.0,False,39,1,0.42604,0.999681,0.0,q2*Ef,1.001*(Ef*q2),up_to_constant,0.000589,1.000589,0.0,0.999999,0.0,0.065838
I.12.11,I.12.11,Feynman I.12.11,kg*m/s^2,5,0.0,15376,250,0.9837,True,243,10,4159.427419,0.927694,0.0,q*(Ef+B*v*sin(theta)),-142.5*(1/B*1/theta) + -70.86*(1/q*1/theta) + 28.21*(sin(theta)) + 22.41*(1/theta*v) + 16.35*(1/B*theta) + 9.603*(1/q*theta) + 8.361*(q*1/theta) + -3.875*(theta*v) + 0.9653*(Ef*v) + 0.6494*(sqrt(Abs(Ef))*q),wrong,42.078798,1.639502,0.061241,0.62154,0.375376,0.989351
I.12.11,I.12.11,Feynman I.12.11,kg*m/s^2,5,0.01,15376,250,0.9837,True,243,10,4255.398896,0.927579,0.0,q*(Ef+B*v*sin(theta)),-142.3*(1/B*1/theta) + -71.44*(1/q*1/theta) + 28.23*(sin(theta)) + 22.6*(1/theta*v) + 16.34*(1/B*theta) + 9.649*(1/q*theta) + 8.082*(q*1/theta) + -3.886*(theta*v) + 0.9523*(Ef*v) + 0.71*(sqrt(Abs(Ef))*q),wrong,42.308521,1.644416,0.061247,0.621037,0.375874,0.951383
I.12.11,I.12.11,Feynman I.12.11,kg*m/s^2,5,0.02,15376,250,0.9837,True,243,10,4356.505969,0.927328,0.0,q*(Ef+B*v*sin(theta)),-142*(1/B*1/theta) + -72.03*(1/q*1/theta) + 28.25*(sin(theta)) + 22.79*(1/theta*v) + 16.33*(1/B*theta) + 9.695*(1/q*theta) + 7.803*(q*1/theta) + -3.896*(theta*v) + 0.9393*(Ef*v) + 0.7707*(sqrt(Abs(Ef))*q),wrong,42.538243,1.64933,0.061263,0.620514,0.376394,0.97104
I.13.4,I.13.4,Feynman I.13.4,kg*m^2/s^2,4,0.0,16928,250,0.9852,True,237,9,277.389968,0.996817,0.0,1/2*m*(v**2+u**2+w**2),-16.66*(m*sqrt(Abs(u))) + 14.79*(1/v*1/w) + 8.604*(m*u) + -3.884*(sin(v/w)) + 3.386*(m*v) + 2.979*(m*w) + -1.262*(sqrt(Abs(m))*u) + 0.4726*(1/(v/w)**2) + 0.2633*(v*w),approx,0.434823,1.008144,0.000795,0.975702,0.008265,0.919288
I.13.4,I.13.4,Feynman I.13.4,kg*m^2/s^2,4,0.01,16928,250,0.9852,True,237,10,299.219171,0.99766,0.0,1/2*m*(v**2+u**2+w**2),31.06*(1/v*1/w) + -18.3*(m*sqrt(Abs(u))) + -12.39*(1/m*1/v) + 8.944*(m*u) + 3.528*(m*v) + -3.38*(sin(v/w)) + 3.084*(m*w) + -0.953*(sqrt(Abs(m))*u) + 0.683*(1/(v/w)**2) + 0.282*(v*w),up_to_constant,0.299134,1.000994,0.000573,0.977604,0.007618,0.915375
I.13.4,I.13.4,Feynman I.13.4,kg*m^2/s^2,4,0.02,16928,250,0.9852,True,237,10,218.494713,0.997455,0.0,1/2*m*(v**2+u**2+w**2),31.56*(1/v*1/w) + -18.32*(m*sqrt(Abs(u))) + -12.55*(1/m*1/v) + 8.987*(m*u) + 3.531*(m*v) + -3.362*(sin(v/w)) + 3.073*(m*w) + -1.015*(sqrt(Abs(m))*u) + 0.6913*(1/(v/w)**2) + 0.2894*(v*w),approx,0.302468,1.001185,0.000575,0.977653,0.007601,0.930995
I.13.12,I.13.12,Feynman I.13.12,kg*m^2/s^2,5,0.0,29791,250,0.9916,True,243,10,673.615133,0.916168,0.0,G*m1*m2*(1/r2-1/r1),42.09*(1/m1*1/r1) + -16.79*(m2*1/r1) + 13.79*(m1*1/r2) + -13.03*(sin(r1/r2)) + 9.137*(log(Abs(r1/r2))) + 8.636*(1/m1*sqrt(Abs(m2))) + -4.445*(Abs(G)**(-1/2)*(r1/r2)**2) + -1.223*(1/m2**(2)) + -1.109*(G*Abs(r1)**(-1/2)) + 0.7103*(m2**(2)),wrong,46.596944,2.349807,0.080146,0.010645,0.985583,1.780049
I.13.12,I.13.12,Feynman I.13.12,kg*m^2/s^2,5,0.01,29791,250,0.9916,True,243,10,674.855171,0.916318,0.0,G*m1*m2*(1/r2-1/r1),42.02*(1/m1*1/r1) + -16.79*(m2*1/r1) + 13.83*(m1*1/r2) + -13.12*(sin(r1/r2)) + 9.216*(log(Abs(r1/r2))) + 8.688*(1/m1*sqrt(Abs(m2))) + -4.492*(Abs(G)**(-1/2)*(r1/r2)**2) + -1.161*(1/m2**(2)) + -1.099*(G*Abs(r1)**(-1/2)) + 0.7118*(m2**(2)),wrong,46.796432,2.353794,0.080137,-0.007484,1.003642,1.794967
I.13.12,I.13.12,Feynman I.13.12,kg*m^2/s^2,5,0.02,29791,250,0.9916,True,243,10,677.120115,0.90443,0.0,G*m1*m2*(1/r2-1/r1),43.39*(1/m1*1/r1) + -38.55*(1/m2*1/r2) + 17.06*(m1*1/r2) + -10.61*(m2*1/r1) + -6.225*(m1*1/r1) + -5.914*(tanh(m1/m2)) + -0.9917*(log(Abs(r1/r2))) + -0.7412*(sin(r1/r2)) + 0.5443*(1/m1*r2) + 0.3015*(G*r1),wrong,18.507037,1.442819,0.094643,0.71051,0.288386,1.779732
I.14.3,I.14.3,Feynman I.14.3,kg*m^2/s^2,3,0.0,124,124,0.0,False,123,1,0.0,1.0,0.0,m*g*z,1*(g*m*z),exact,0.0,1.0,0.0,1.0,0.0,0.061924
I.14.3,I.14.3,Feynman I.14.3,kg*m^2/s^2,3,0.01,124,124,0.0,False,123,1,1.725489,0.99992,0.0,m*g*z,1*(g*m*z),up_to_constant,0.000384,1.000384,0.0,1.0,0.0,0.104795
I.14.3,I.14.3,Feynman I.14.3,kg*m^2/s^2,3,0.02,124,124,0.0,False,123,1,6.901955,0.999681,0.0,m*g*z,1.001*(g*m*z),up_to_constant,0.000768,1.000768,1e-06,0.999999,1e-06,0.064671
I.14.4,I.14.4,Feynman I.14.4,kg*m^2/s^2,2,0.0,40,40,0.0,False,39,1,0.0,1.0,0.0,1/2*k_spring*x**2,0.5*(k_spring*x**(2)),exact,0.0,1.0,0.0,1.0,0.0,0.081962
I.14.4,I.14.4,Feynman I.14.4,kg*m^2/s^2,2,0.01,40,40,0.0,False,39,1,0.731551,0.99992,0.0,1/2*k_spring*x**2,0.5002*(k_spring*x**(2)),up_to_constant,0.000379,1.000379,0.0,1.0,0.0,0.06342
I.14.4,I.14.4,Feynman I.14.4,kg*m^2/s^2,2,0.02,40,40,0.0,False,39,1,2.926205,0.999681,0.0,1/2*k_spring*x**2,0.5004*(k_spring*x**(2)),up_to_constant,0.000758,1.000758,1e-06,0.999999,1e-06,0.066517
I.15.3x,I.15.3x,Feynman I.15.3x,m,4,0.0,5888,250,0.9575,True,238,9,0.099912,0.998029,0.0,(x-u*t)/sqrt(1-u**2/c**2),3.808*(Abs(c)**(-1/2)*(u/c)**3) + -0.9655*(t*u) + 0.8308*(Abs(t)**(-1/2)*x) + 0.5715*(sqrt(Abs(t))*1/x) + -0.5602*(Abs(t)**(-1/2)*exp(-(u/c))) + 0.2355*(1/c*x) + 0.2071*(t*x) + 0.02536*(1/u*sqrt(Abs(x))) + 0.0004788*(c**(2)),up_to_constant,0.044084,1.000267,0.000142,0.985452,0.003245,0.440182
I.15.3x,I.15.3x,Feynman I.15.3x,m,4,0.01,5888,250,0.9575,True,238,9,0.109262,0.998031,0.0,(x-u*t)/sqrt(1-u**2/c**2),3.633*(Abs(c)**(-1/2)*(u/c)**3) + -0.9555*(t*u) + 0.8336*(Abs(t)**(-1/2)*x) + -0.5976*(Abs(t)**(-1/2)*exp(-(u/c))) + 0.5288*(sqrt(Abs(t))*1/x) + 0.2365*(1/c*x) + 0.2042*(t*x) + 0.03822*(1/u*sqrt(Abs(x))) + 0.0004891*(c**(2)),up_to_constant,0.044896,1.000246,0.000143,0.985541,0.003225,0.364955
I.15.3x,I.15.3x,Feynman I.15.3x,m,4,0.02,5888,250,0.9575,True,238,9,0.132316,0.997878,0.0,(x-u*t)/sqrt(1-u**2/c**2),3.458*(Abs(c)**(-1/2)*(u/c)**3) + -0.9454*(t*u) + 0.8363*(Abs(t)**(-1/2)*x) + -0.635*(Abs(t)**(-1/2)*exp(-(u/c))) + 0.4861*(sqrt(Abs(t))*1/x) + 0.2375*(1/c*x) + 0.2014*(t*x) + 0.05109*(1/u*sqrt(Abs(x))) + 0.0004994*(c**(2)),up_to_constant,0.045709,1.000225,0.000143,0.985616,0.003208,0.382753
I.15.3t,I.15.3t,Feynman I.15.3t,s,4,0.0,5888,250,0.9575,True,238,7,0.131524,0.998963,0.0,(t-u*x/c**2)/sqrt(1-u**2/c**2),5.079*(Abs(x)**(-1/2)*exp(-(c/u)**2)) + 1.079*(t) + -0.302*(1/c*x) + 0.1261*(sqrt(Abs(t))*Abs(x)**(-1/2)) + -0.08141*(t*Abs(x)**(-1/2)) + 0.0161*(sqrt(Abs(t))*sin(c/u)) + -0.01141*(sqrt(Abs(t))*c/u),up_to_constant,0.049354,0.9985,0.000138,0.98145,0.00392,0.381903
I.15.3t,I.15.3t,Feynman I.15.3t,s,4,0.01,5888,250,0.9575,True,238,7,0.181795,0.998829,0.0,(t-u*x/c**2)/sqrt(1-u**2/c**2),5.243*(Abs(x)**(-1/2)*exp(-(c/u)**2)) + 1.077*(t) + -0.296*(1/c*x) + 0.1199*(sqrt(Abs(t))*Abs(x)**(-1/2)) + -0.0771*(t*Abs(x)**(-1/2)) + 0.01505*(sqrt(Abs(t))*sin(c/u)) + -0.01098*(sqrt(Abs(t))*c/u),up_to_constant,0.049616,0.998706,0.000138,0.981795,0.003847,0.410227
I.15.3t,I.15.3t,Feynman I.15.3t,s,4,0.02,5888,250,0.9575,True,238,7,0.19907,0.998537,0.0,(t-u*x/c**2)/sqrt(1-u**2/c**2),5.407*(Abs(x)**(-1/2)*exp(-(c/u)**2)) + 1.074*(t) + -0.29*(1/c*x) + 0.1138*(sqrt(Abs(t))*Abs(x)**(-1/2)) + -0.0728*(t*Abs(x)**(-1/2)) + 0.01399*(sqrt(Abs(t))*sin(c/u)) + -0.01056*(sqrt(Abs(t))*c/u),up_to_constant,0.049877,0.998911,0.000139,0.982133,0.003776,0.349181
I.15.1,I.15.1,Feynman I.15.1,kg*m/s,3,0.0,1984,250,0.874,True,230,10,0.011749,0.999962,0.0,m_0*v/sqrt(1-v**2/c**2),4.87*(sqrt(Abs(m_0))*(v/c)**3) + -3.116*(1/c**(2)) + -2.424*(1/m_0*(v/c)**3) + 1.022*(m_0*v) + 0.6572*(1/c*1/v) + -0.07399*(sqrt(Abs(m_0))*v) + 0.03798*(1/m_0**(2)) + 0.03603*(sqrt(Abs(m_0))*v**(2)),up_to_constant,0.037998,1.005912,3.4e-05,0.994716,0.001584,0.14914
I.15.1,I.15.1,Feynman I.15.1,kg*m/s,3,0.01,1984,250,0.874,True,230,10,0.029344,0.999895,0.0,m_0*v/sqrt(1-v**2/c**2),4.484*(sqrt(Abs(m_0))*(v/c)**3) + -3.536*(1/m_0*(v/c)**3) + 1.057*(m_0*v) + -0.3364*(1/c*1/v) + -0.09714*(sqrt(Abs(m_0))*v) + 0.05462*(1/m_0*1/v) + 0.0446*(v**(2)) + -0.003356*(m_0**(2)*Abs(v)**(-1/2)) + 0.001298*(1/v*1/(v/c)**2),up_to_constant,0.072399,1.010396,9e-05,0.992566,0.002229,0.151293
I.15.1,I.15.1,Feynman I.15.1,kg*m/s,3,0.02,1984,250,0.874,True,230,8,0.091856,0.999674,0.0,m_0*v/sqrt(1-v**2/c**2),4.487*(sqrt(Abs(m_0))*(v/c)**3) + -3.516*(1/m_0*(v/c)**3) + 1.015*(m_0*v) + -0.4558*(Abs(c)**(-1/2)*1/v) + 0.1448*(1/m_0*1/v) + 0.03721*(sqrt(Abs(m_0))*v) + 0.001191*(1/v*1/(v/c)**2),up_to_constant,0.080277,1.012521,0.000132,0.992337,0.002298,0.153527
I.16.6,I.16.6,Feynman I.16.6,m/s,3,0.0,5704,250,0.9562,True,227,9,2.07716,0.989929,0.0,(u+v)/(1+u*v/c**2),2.27*(tanh(c/v)) + -1.862*(1/c*1/v) + -0.8817*(Abs(v)**(-1/2)*sin(v/u)) + 0.814*(Abs(v)**(-1/2)*sin(c/u)) + 0.7583*(Abs(c)**(-1/2)*tanh(c/u)) + -0.5658*(sqrt(Abs(c))) + 0.3902*(c*sqrt(Abs(v))) + 0.0827*(1/(v/u)**2) + -0.01027*(Abs(u)**(-1/2)*(c/v)**3),approx,0.498689,0.998485,0.001403,0.906418,0.019171,0.324232
I.16.6,I.16.6,Feynman I.16.6,m/s,3,0.01,5704,250,0.9562,True,227,9,2.109189,0.989794,0.0,(u+v)/(1+u*v/c**2),2.277*(tanh(c/v)) + -1.867*(1/c*1/v) + -0.8774*(Abs(v)**(-1/2)*sin(v/u)) + 0.8172*(Abs(v)**(-1/2)*sin(c/u)) + 0.7633*(Abs(c)**(-1/2)*tanh(c/u)) + -0.5763*(sqrt(Abs(c))) + 0.3917*(c*sqrt(Abs(v))) + 0.08305*(1/(v/u)**2) + -0.01035*(Abs(u)**(-1/2)*(c/v)**3),approx,0.500002,0.998303,0.001404,0.905709,0.019317,0.286113
I.16.6,I.16.6,Feynman I.16.6,m/s,3,0.02,5704,250,0.9562,True,227,9,2.15021,0.989505,0.0,(u+v)/(1+u*v/c**2),2.284*(tanh(c/v)) + -1.871*(1/c*1/v) + -0.8731*(Abs(v)**(-1/2)*sin(v/u)) + 0.8203*(Abs(v)**(-1/2)*sin(c/u)) + 0.7684*(Abs(c)**(-1/2)*tanh(c/u)) + -0.5868*(sqrt(Abs(c))) + 0.3932*(c*sqrt(Abs(v))) + 0.08339*(1/(v/u)**2) + -0.01043*(Abs(u)**(-1/2)*(c/v)**3),approx,0.501315,0.998122,0.001404,0.904991,0.019464,0.324043
I.18.4,I.18.4,Feynman I.18.4,m,4,0.0,11408,250,0.9781,True,236,10,0.674994,0.99456,0.0,(m1*r1+m2*r2)/(m1+m2),0.9434*(sqrt(Abs(r1))*sqrt(Abs(r2))) + 0.1151*(m2*1/r1) + -0.1147*(m2*1/r2) + 0.1121*(Abs(m2)**(-1/2)*(r1/r2)**2) + 0.07332*(m2*r2) + 0.06812*(m1*r1) + -0.06564*(m2*r1) + -0.0612*(m1*r2) + 0.008468*(Abs(r1)**(-1/2)*1/(m1/m2)**2) + 0.0004663*(Abs(r1)**(-1/2)*exp(m1/m2)),up_to_constant,0.080115,1.000777,0.000391,0.966469,0.003841,0.63224
I.18.4,I.18.4,Feynman I.18.4,m,4,0.01,11408,250,0.9781,True,236,10,0.765414,0.994416,0.0,(m1*r1+m2*r2)/(m1+m2),0.9433*(sqrt(Abs(r1))*sqrt(Abs(r2))) + 0.1151*(m2*1/r1) + -0.1136*(m2*1/r2) + 0.1119*(Abs(m2)**(-1/2)*(r1/r2)**2) + 0.07392*(m2*r2) + 0.06854*(m1*r1) + -0.06604*(m2*r1) + -0.06187*(m1*r2) + 0.007487*(Abs(r1)**(-1/2)*1/(m1/m2)**2) + 0.0007125*(Abs(r1)**(-1/2)*exp(m1/m2)),up_to_constant,0.08009,1.000858,0.000392,0.966322,0.003858,0.633976
I.18.4,I.18.4,Feynman I.18.4,m,4,0.02,11408,250,0.9781,True,236,10,0.775087,0.992401,0.0,(m1*r1+m2*r2)/(m1+m2),-1.538*(Abs(m1)**(-1/2)*1/r2) + 0.9891*(sqrt(Abs(r1))*sqrt(Abs(r2))) + 0.8307*(Abs(m2)**(-1/2)*sin(r1/r2)) + 0.7287*(1/m1*sqrt(Abs(r2))) + -0.4214*(1/m1*r1) + -0.3677*(Abs(m2)**(-1/2)*sin(m1/m2)) + 0.3175*(Abs(m2)**(-1/2)*(r1/r2)**2) + 0.2278*(m2*1/r1) + -0.1141*(Abs(r1)**(-1/2)*(m1/m2)**2) + -0.1041*(m2*Abs(r2)**(-1/2)),up_to_constant,0.118384,1.000482,0.000537,0.772621,0.026045,0.684825
I.18.12,I.18.12,Feynman I.18.12,kg*m^2/s^2,3,0.0,1984,250,0.874,True,210,10,136.490289,0.981018,0.0,r*F*sin(theta),-7.968*(theta*1/(1+(theta)**2)) + 5.502*(1/F*exp(-(theta)**2)) + -4.864*(1/F*sin(theta)) + 2.875*(r*sin(theta)) + 2.132*(F*sin(theta)) + -1.871*(1/r*sin(theta)) + -0.6359*(1/F*r) + -0.4859*(theta*cos(theta)) + 0.2539*(sqrt(Abs(F))*sqrt(Abs(r))) + 0.06993*(Abs(F)**(-1/2)*exp(theta)),wrong,4.530442,0.938624,0.018419,0.793331,0.204733,0.148215
I.18.12,I.18.12,Feynman I.18.12,kg*m^2/s^2,3,0.01,1984,250,0.874,True,210,3,146.649725,0.962263,0.0,r*F*sin(theta),-15.86*(1/r*sin(theta)) + 6.561*(1/F*sin(theta)) + 4.375*(F*sin(theta)),wrong,5.371038,0.921101,0.03772,0.913522,0.085668,0.148507
I.18.12,I.18.12,Feynman I.18.12,kg*m^2/s^2,3,0.02,1984,250,0.874,True,210,3,151.38171,0.962094,0.0,r*F*sin(theta),-15.83*(1/r*sin(theta)) + 6.562*(1/F*sin(theta)) + 4.371*(F*sin(theta)),wrong,5.350377,0.921802,0.037721,0.91341,0.085779,0.146734
I.18.14,I.18.14,Feynman I.18.14,kg*m^2/s,4,0.0,5888,250,0.9575,True,227,10,3276.333232,0.921286,0.0,m*r*v*sin(theta),-183.8*(1/theta*1/v) + -115.3*(1/m*1/theta) + 90.71*(sqrt(Abs(v))*exp(-(theta)**2)) + 75.16*(1/v**(2)) + 33.51*(sqrt(Abs(r))*sin(theta)) + 18.61*(1/m*theta) + 13.02*(Abs(v)**(-1/2)*cos(theta)) + 1.781*(r*1/v) + 1.444*(theta*1/v) + 0.4384*(m**(2)),wrong,7.410419,1.216879,0.07799,0.333546,0.666435,0.43314
I.18.14,I.18.14,Feynman I.18.14,kg*m^2/s,4,0.01,5888,250,0.9575,True,227,10,5154.400647,0.921934,0.0,m*r*v*sin(theta),-183.2*(1/theta*1/v) + -116.4*(1/m*1/theta) + 91.05*(sqrt(Abs(v))*exp(-(theta)**2)) + 74.93*(1/v**(2)) + 33.55*(sqrt(Abs(r))*sin(theta)) + 18.69*(1/m*theta) + 13.02*(Abs(v)**(-1/2)*cos(theta)) + 1.786*(r*1/v) + 1.459*(theta*1/v) + 0.4362*(m**(2)),wrong,7.396009,1.215529,0.077995,0.331671,0.66831,0.416027
I.18.14,I.18.14,Feynman I.18.14,kg*m^2/s,4,0.02,5888,250,0.9575,True,227,10,4412.240093,0.922443,0.0,m*r*v*sin(theta),-182.6*(1/theta*1/v) + -117.4*(1/m*1/theta) + 91.39*(sqrt(Abs(v))*exp(-(theta)**2)) + 74.7*(1/v**(2)) + 33.59*(sqrt(Abs(r))*sin(theta)) + 18.76*(1/m*theta) + 13.02*(Abs(v)**(-1/2)*cos(theta)) + 1.79*(r*1/v) + 1.475*(theta*1/v) + 0.434*(m**(2)),wrong,7.381599,1.214179,0.07801,0.329782,0.670199,0.359623
I.24.6,I.24.6,Feynman I.24.6,kg*m^2/s^2,4,0.0,5888,250,0.9575,True,238,10,242.264957,0.984677,0.0,1/2*m*(omega**2+omega_0**2)*1/2*x**2,-67.59*(sqrt(Abs(omega))*x) + 29.97*(1/x**(2)) + 29.47*(sqrt(Abs(m))*x) + 28.75*(omega*x) + 25.85*(1/m*1/omega_0) + -16.18*(omega*1/x) + -15.35*(m*1/omega) + 6.672*(omega_0*x) + -0.2947*(Abs(x)**(-1/2)*1/(omega/omega_0)**2) + 0.1916*(m*omega_0),approx,2.100733,1.006394,0.005466,0.854835,0.080218,0.37419
I.24.6,I.24.6,Feynman I.24.6,kg*m^2/s^2,4,0.01,5888,250,0.9575,True,238,10,248.717517,0.984437,0.0,1/2*m*(omega**2+omega_0**2)*1/2*x**2,-67.48*(sqrt(Abs(omega))*x) + 30.17*(1/x**(2)) + 29.43*(sqrt(Abs(m))*x) + 28.72*(omega*x) + 25.76*(1/m*1/omega_0) + -16.26*(omega*1/x) + -15.37*(m*1/omega) + 6.649*(omega_0*x) + -0.2983*(Abs(x)**(-1/2)*1/(omega/omega_0)**2) + 0.2123*(m*omega_0),approx,2.092192,1.007023,0.005467,0.854781,0.080248,0.410325
I.24.6,I.24.6,Feynman I.24.6,kg*m^2/s^2,4,0.02,5888,250,0.9575,True,238,10,256.820295,0.984043,0.0,1/2*m*(omega**2+omega_0**2)*1/2*x**2,-67.38*(sqrt(Abs(omega))*x) + 30.37*(1/x**(2)) + 29.39*(sqrt(Abs(m))*x) + 28.7*(omega*x) + 25.67*(1/m*1/omega_0) + -16.34*(omega*1/x) + -15.39*(m*1/omega) + 6.627*(omega_0*x) + -0.3018*(Abs(x)**(-1/2)*1/(omega/omega_0)**2) + 0.2331*(m*omega_0),approx,2.083651,1.007652,0.005469,0.854724,0.080279,0.432896
I.25.13,I.25.13,Feynman I.25.13,kg*m^2/s^3/A,2,0.0,40,40,0.0,False,39,1,0.0,1.0,0.0,q/C,1*(1/C*q),exact,0.0,1.0,0.0,1.0,0.0,0.076171
I.25.13,I.25.13,Feynman I.25.13,kg*m^2/s^3/A,2,0.01,40,40,0.0,False,39,1,0.001398,0.99992,0.0,q/C,1*(1/C*q),up_to_constant,4.1e-05,1.000041,0.0,1.0,0.0,0.126209
I.25.13,I.25.13,Feynman I.25.13,kg*m^2/s^3/A,2,0.02,40,40,0.0,False,39,1,0.005593,0.999678,0.0,q/C,1*(1/C*q),up_to_constant,8.3e-05,1.000083,0.0,1.0,0.0,0.126461
I.26.2,I.26.2,Feynman I.26.2,1,2,0.0,1840,250,0.8641,True,206,1,0.619128,0.939442,-0.032449,arcsin(n*sin(theta2)),0.9841*(sqrt(Abs(n))*sin(theta2)) + -0.03245,wrong,8.618182,1.668472,0.059424,0.902706,0.095128,0.195176
I.26.2,I.26.2,Feynman I.26.2,1,2,0.01,1840,250,0.8641,True,206,1,0.605737,0.939326,-0.032392,arcsin(n*sin(theta2)),0.9832*(sqrt(Abs(n))*sin(theta2)) + -0.03239,wrong,8.607961,1.66711,0.059425,0.902728,0.095106,0.137141
I.26.2,I.26.2,Feynman I.26.2,1,2,0.02,1840,250,0.8641,True,206,1,0.5943,0.939059,-0.032336,arcsin(n*sin(theta2)),0.9824*(sqrt(Abs(n))*sin(theta2)) + -0.03234,wrong,8.59774,1.665749,0.059427,0.902749,0.095086,0.163755
I.27.6,I.27.6,Feynman I.27.6,m,3,0.0,3844,250,0.935,True,226,8,0.060607,0.996925,0.0,1/(1/d1+n/d2),0.8921*(sqrt(Abs(d1))*exp(-(n))) + -0.8321*(Abs(d1)**(-1/2)*exp(-(n)**2)) + 0.4191*(d2*Abs(n)**(-1/2)) + -0.2194*(sqrt(Abs(d2))*Abs(n)**(-1/2)) + 0.133*(Abs(n)**(-1/2)*sin(d1/d2)) + 0.04735*(d1*Abs(n)**(-1/2)) + -0.04194*(Abs(d1)**(-1/2)*cos(n)) + -0.03606*(Abs(n)**(-1/2)*1/(d1/d2)**2),up_to_constant,0.165591,1.001223,0.0006,0.975659,0.006282,0.271387
I.27.6,I.27.6,Feynman I.27.6,m,3,0.01,3844,250,0.935,True,226,8,0.061659,0.99681,0.0,1/(1/d1+n/d2),0.8922*(sqrt(Abs(d1))*exp(-(n))) + -0.8362*(Abs(d1)**(-1/2)*exp(-(n)**2)) + 0.4195*(d2*Abs(n)**(-1/2)) + -0.2189*(sqrt(Abs(d2))*Abs(n)**(-1/2)) + 0.1338*(Abs(n)**(-1/2)*sin(d1/d2)) + 0.0469*(d1*Abs(n)**(-1/2)) + -0.04153*(Abs(d1)**(-1/2)*cos(n)) + -0.03641*(Abs(n)**(-1/2)*1/(d1/d2)**2),up_to_constant,0.165868,1.001241,0.000601,0.975159,0.006411,0.252538
I.27.6,I.27.6,Feynman I.27.6,m,3,0.02,3844,250,0.935,True,226,8,0.063614,0.996539,0.0,1/(1/d1+n/d2),0.8924*(sqrt(Abs(d1))*exp(-(n))) + -0.8403*(Abs(d1)**(-1/2)*exp(-(n)**2)) + 0.4198*(d2*Abs(n)**(-1/2)) + -0.2184*(sqrt(Abs(d2))*Abs(n)**(-1/2)) + 0.1346*(Abs(n)**(-1/2)*sin(d1/d2)) + 0.04645*(d1*Abs(n)**(-1/2)) + -0.04111*(Abs(d1)**(-1/2)*cos(n)) + -0.03677*(Abs(n)**(-1/2)*1/(d1/d2)**2),up_to_constant,0.166145,1.00126,0.000602,0.974648,0.006543,0.301733
I.29.4,I.29.4,Feynman I.29.4,1/m,2,0.0,40,40,0.0,False,39,1,0.0,1.0,0.0,omega/c,1*(1/c*omega),exact,0.0,1.0,0.0,1.0,0.0,0.063773
I.29.4,I.29.4,Feynman I.29.4,1/m,2,0.01,40,40,0.0,False,39,1,0.003811,0.99992,0.0,omega/c,1*(1/c*omega),up_to_constant,3.1e-05,1.000031,0.0,1.0,0.0,0.107786
I.29.4,I.29.4,Feynman I.29.4,1/m,2,0.02,40,40,0.0,False,39,1,0.015245,0.999678,0.0,omega/c,1*(1/c*omega),up_to_constant,6.2e-05,1.000062,0.0,1.0,0.0,0.104647
I.29.16,I.29.16,Feynman I.29.16,m,4,0.0,22448,250,0.9889,True,230,5,55.14212,0.688744,0.0,sqrt(x1**2+x2**2-2*x1*x2*cos(theta1-theta2)),-8.16*(Abs(theta1)**(-1/2)*sin(theta1/theta2)) + 4.251*(sin(theta1/theta2)) + 0.9429*(sqrt(Abs(x1))*sqrt(Abs(x2))) + 0.4998*(1/(theta1/theta2)**2) + 0.1204*(Abs(theta2)**(-1/2)*(theta1/theta2)**3),wrong,11.838316,1.375079,0.075709,-4.219833,1.093227,1.224772
I.29.16,I.29.16,Feynman I.29.16,m,4,0.01,22448,250,0.9889,True,230,5,54.500637,0.688778,0.0,sqrt(x1**2+x2**2-2*x1*x2*cos(theta1-theta2)),-8.142*(Abs(theta1)**(-1/2)*sin(theta1/theta2)) + 4.237*(sin(theta1/theta2)) + 0.9445*(sqrt(Abs(x1))*sqrt(Abs(x2))) + 0.4988*(1/(theta1/theta2)**2) + 0.1204*(Abs(theta2)**(-1/2)*(theta1/theta2)**3),wrong,11.833947,1.375209,0.075709,-4.21484,1.092182,1.261106
I.29.16,I.29.16,Feynman I.29.16,m,4,0.02,22448,250,0.9889,True,230,5,53.885402,0.688705,0.0,sqrt(x1**2+x2**2-2*x1*x2*cos(theta1-theta2)),-8.125*(Abs(theta1)**(-1/2)*sin(theta1/theta2)) + 4.224*(sin(theta1/theta2)) + 0.9462*(sqrt(Abs(x1))*sqrt(Abs(x2))) + 0.4979*(1/(theta1/theta2)**2) + 0.1203*(Abs(theta2)**(-1/2)*(theta1/theta2)**3),wrong,11.829577,1.375339,0.07571,-4.209854,1.091138,1.291927
I.30.3,I.30.3,Feynman I.30.3,kg/s^3,3,0.0,5704,250,0.9562,True,224,9,332.550864,0.466201,0.0,Int_0*sin(n*theta/2)**2/sin(theta/2)**2,31.34*(Abs(n)**(-1/2)*exp(-(theta)**2)) + -10.66*(sin(theta/n)) + 9.31*(Abs(n)**(-1/2)*sin(theta/n)) + -3.626*(Abs(Int_0)**(-1/2)*cos(theta)) + 2.506*(Int_0*1/theta) + -0.6852*(Abs(theta)**(-1/2)*cos(n)) + -0.3276*(1/(theta/n)**2) + -0.1086*(sqrt(Abs(Int_0))*(theta/n)**3) + 0.06646*(exp(theta)),wrong,148.667947,5.148258,0.288776,-0.014848,0.999544,0.338124
I.30.3,I.30.3,Feynman I.30.3,kg/s^3,3,0.01,5704,250,0.9562,True,224,9,330.55358,0.466678,0.0,Int_0*sin(n*theta/2)**2/sin(theta/2)**2,31.3*(Abs(n)**(-1/2)*exp(-(theta)**2)) + -10.63*(sin(theta/n)) + 9.298*(Abs(n)**(-1/2)*sin(theta/n)) + -3.611*(Abs(Int_0)**(-1/2)*cos(theta)) + 2.504*(Int_0*1/theta) + -0.6822*(Abs(theta)**(-1/2)*cos(n)) + -0.3273*(1/(theta/n)**2) + -0.1084*(sqrt(Abs(Int_0))*(theta/n)**3) + 0.06634*(exp(theta)),wrong,148.780545,5.151189,0.288779,-0.014849,0.999545,0.315873
I.30.3,I.30.3,Feynman I.30.3,kg/s^3,3,0.02,5704,250,0.9562,True,224,9,328.60908,0.467083,0.0,Int_0*sin(n*theta/2)**2/sin(theta/2)**2,31.27*(Abs(n)**(-1/2)*exp(-(theta)**2)) + -10.6*(sin(theta/n)) + 9.285*(Abs(n)**(-1/2)*sin(theta/n)) + -3.596*(Abs(Int_0)**(-1/2)*cos(theta)) + 2.501*(Int_0*1/theta) + -0.6791*(Abs(theta)**(-1/2)*cos(n)) + -0.3271*(1/(theta/n)**2) + -0.1082*(sqrt(Abs(Int_0))*(theta/n)**3) + 0.06621*(exp(theta)),wrong,148.893142,5.154119,0.288783,-0.014849,0.999545,0.358353
I.30.5,I.30.5,Feynman I.30.5,1,3,0.0,3844,250,0.935,True,226,4,0.001393,0.992438,-0.245868,arcsin(lambd/(n*d)),1.061*(Abs(n)**(-1/2)*sqrt(Abs(lambd/d))) + 0.07051*(Abs(n)**(-1/2)*log(Abs(lambd/d))) + 0.03221*(Abs(d)**(-1/2)*cos(n)) + 0.003563*(sqrt(Abs(n))*1/(lambd/d)**2) + -0.2459,approx,0.233276,0.99706,0.001944,0.853087,0.06816,0.228339
I.30.5,I.30.5,Feynman I.30.5,1,3,0.01,3844,250,0.935,True,226,4,0.001391,0.992318,-0.244972,arcsin(lambd/(n*d)),1.059*(Abs(n)**(-1/2)*sqrt(Abs(lambd/d))) + 0.06996*(Abs(n)**(-1/2)*log(Abs(lambd/d))) + 0.03231*(Abs(d)**(-1/2)*cos(n)) + 0.003523*(sqrt(Abs(n))*1/(lambd/d)**2) + -0.245,approx,0.224971,0.997047,0.001945,0.855913,0.066849,0.258283
I.30.5,I.30.5,Feynman I.30.5,1,3,0.02,3844,250,0.935,True,226,4,0.001448,0.992041,-0.244076,arcsin(lambd/(n*d)),1.057*(Abs(n)**(-1/2)*sqrt(Abs(lambd/d))) + 0.06941*(Abs(n)**(-1/2)*log(Abs(lambd/d))) + 0.03241*(Abs(d)**(-1/2)*cos(n)) + 0.003484*(sqrt(Abs(n))*1/(lambd/d)**2) + -0.2441,approx,0.216665,0.997033,0.001946,0.858693,0.065559,0.226285
I.32.5,I.32.5,Feynman I.32.5,kg*m^2/s^3,4,0.0,368,250,0.3207,True,249,7,1.562119,0.877622,0.0,q**2*a**2/(6*pi*epsilon*c**3),1.029*(1/c**(2)) + -0.5439*(1/c*1/epsilon*q) + 0.3623*(1/c*1/epsilon*q**(2)) + -0.1885*(a*1/c*q) + 0.05796*(a**(2)*1/c*q) + -0.01992*(a**(2)*1/c*1/epsilon) + -0.002435*(a*c*q**(2)),wrong,38.764041,0.236199,0.098004,0.564847,0.368521,0.094759
I.32.5,I.32.5,Feynman I.32.5,kg*m^2/s^3,4,0.01,368,250,0.3207,True,249,7,1.546923,0.876823,0.0,q**2*a**2/(6*pi*epsilon*c**3),1.021*(1/c**(2)) + -0.5264*(1/c*1/epsilon*q) + 0.3593*(1/c*1/epsilon*q**(2)) + -0.1885*(a*1/c*q) + 0.05818*(a**(2)*1/c*q) + -0.02178*(a**(2)*1/c*1/epsilon) + -0.002445*(a*c*q**(2)),wrong,38.670523,0.242785,0.098011,0.563367,0.369775,0.093494
I.32.5,I.32.5,Feynman I.32.5,kg*m^2/s^3,4,0.02,368,250,0.3207,True,249,7,1.534821,0.875901,0.0,q**2*a**2/(6*pi*epsilon*c**3),1.012*(1/c**(2)) + -0.5088*(1/c*1/epsilon*q) + 0.3563*(1/c*1/epsilon*q**(2)) + -0.1885*(a*1/c*q) + 0.05839*(a**(2)*1/c*q) + -0.02365*(a**(2)*1/c*1/epsilon) + -0.002455*(a*c*q**(2)),wrong,38.577004,0.249371,0.098027,0.561854,0.371056,0.101861
I.32.17,I.32.17,Feynman I.32.17,kg*m^2/s^3,6,0.0,6688,250,0.9626,True,248,10,95.74203,0.873378,0.0,(1/2*epsilon*c*Ef**2)*(8*pi*r**2/3)*(omega**4/(omega**2-omega_0**2)**2),-96.66*(Abs(epsilon)**(-1/2)*1/omega_0) + 80.27*((omega/omega_0)**3) + 30.7*(1/Ef*1/omega) + 19.41*(sqrt(Abs(Ef))*sqrt(Abs(r))) + -18.94*(sqrt(Abs(epsilon))*Abs(omega)**(-1/2)) + 7.389*(sqrt(Abs(Ef))*Abs(r)**(-1/2)) + -4.172*(Abs(Ef)**(-1/2)*Abs(r)**(-1/2)) + -2.818*(omega_0*sqrt(Abs(r))) + 1.461*(c*sqrt(Abs(epsilon))) + -0.06518*(1/(omega/omega_0)**2),wrong,16.548095,0.610099,0.075308,-0.017534,0.9994,0.345321
I.32.17,I.32.17,Feynman I.32.17,kg*m^2/s^3,6,0.01,6688,250,0.9626,True,248,10,95.256904,0.873062,0.0,(1/2*epsilon*c*Ef**2)*(8*pi*r**2/3)*(omega**4/(omega**2-omega_0**2)**2),-96.8*(Abs(epsilon)**(-1/2)*1/omega_0) + 80.29*((omega/omega_0)**3) + 30.74*(1/Ef*1/omega) + 19.43*(sqrt(Abs(Ef))*sqrt(Abs(r))) + -18.96*(sqrt(Abs(epsilon))*Abs(omega)**(-1/2)) + 7.407*(sqrt(Abs(Ef))*Abs(r)**(-1/2)) + -4.153*(Abs(Ef)**(-1/2)*Abs(r)**(-1/2)) + -2.823*(omega_0*sqrt(Abs(r))) + 1.464*(c*sqrt(Abs(epsilon))) + -0.06664*(1/(omega/omega_0)**2),wrong,16.72696,0.603618,0.075311,-0.017534,0.9994,0.318047
I.32.17,I.32.17,Feynman I.32.17,kg*m^2/s^3,6,0.02,6688,250,0.9626,True,248,10,94.828435,0.872615,0.0,(1/2*epsilon*c*Ef**2)*(8*pi*r**2/3)*(omega**4/(omega**2-omega_0**2)**2),-96.93*(Abs(epsilon)**(-1/2)*1/omega_0) + 80.3*((omega/omega_0)**3) + 30.77*(1/Ef*1/omega) + 19.45*(sqrt(Abs(Ef))*sqrt(Abs(r))) + -18.98*(sqrt(Abs(epsilon))*Abs(omega)**(-1/2)) + 7.425*(sqrt(Abs(Ef))*Abs(r)**(-1/2)) + -4.135*(Abs(Ef)**(-1/2)*Abs(r)**(-1/2)) + -2.828*(omega_0*sqrt(Abs(r))) + 1.467*(c*sqrt(Abs(epsilon))) + -0.06809*(1/(omega/omega_0)**2),wrong,16.905824,0.597136,0.075317,-0.017534,0.999399,0.373087
I.34.8,I.34.8,Feynman I.34.8,1/s,4,0.0,368,250,0.3207,True,249,9,72.534779,0.995509,0.0,q*v*B/p,-3.324*(sqrt(Abs(q))*1/v) + 2.428*(B*1/p*q) + 0.7618*(1/B*p**(2)*1/q) + -0.7397*(1/B*1/p*q**(2)) + 0.4333*(1/p*q*v**(2)) + -0.3473*(v**(2)) + 0.02457*(B**(2)*v**(2)) + -0.007902*(B**(2)*p**(2)) + 0.007356*(p**(2)*q**(2)),approx,2.335314,1.002335,0.002184,0.957408,0.023141,0.094634
I.34.8,I.34.8,Feynman I.34.8,1/s,4,0.01,368,250,0.3207,True,249,9,72.045089,0.995349,0.0,q*v*B/p,-3.348*(sqrt(Abs(q))*1/v) + 2.431*(B*1/p*q) + 0.7672*(1/B*p**(2)*1/q) + -0.7302*(1/B*1/p*q**(2)) + 0.4337*(1/p*q*v**(2)) + -0.3505*(v**(2)) + 0.02468*(B**(2)*v**(2)) + -0.007895*(B**(2)*p**(2)) + 0.007325*(p**(2)*q**(2)),approx,2.348978,1.001547,0.002186,0.957167,0.023273,0.092078
I.34.8,I.34.8,Feynman I.34.8,1/s,4,0.02,368,250,0.3207,True,249,9,72.502966,0.995036,0.0,q*v*B/p,-3.372*(sqrt(Abs(q))*1/v) + 2.433*(B*1/p*q) + 0.7726*(1/B*p**(2)*1/q) + -0.7206*(1/B*1/p*q**(2)) + 0.4342*(1/p*q*v**(2)) + -0.3538*(v**(2)) + 0.02479*(B**(2)*v**(2)) + -0.007887*(B**(2)*p**(2)) + 0.007295*(p**(2)*q**(2)),approx,2.362642,1.000758,0.00219,0.956915,0.023409,0.091954
I.34.1,I.34.1,Feynman I.34.1,1/s,3,0.0,1984,250,0.874,True,231,10,0.391282,0.997771,0.0,omega_0/(1-v/c),-34.04*(1/omega_0*exp(-(c/v)**2)) + 27.14*(sqrt(Abs(omega_0))*exp(-(c/v)**2)) + 5.448*(1/c*log(Abs(c/v))) + -4.577*(Abs(c)**(-1/2)*1/v) + 2.907*(Abs(c)**(-1/2)*omega_0) + 0.1928*(sqrt(Abs(omega_0))*v**(2)) + 0.1791*(1/v*sin(c/v)) + 0.09614*(sqrt(Abs(omega_0))*cos(c/v)) + -0.006237*(c**(2)*Abs(omega_0)**(-1/2)),up_to_constant,0.19838,0.984403,0.001008,-0.201102,1.181214,0.148759
I.34.1,I.34.1,Feynman I.34.1,1/s,3,0.01,1984,250,0.874,True,231,10,0.447384,0.997631,0.0,omega_0/(1-v/c),-32.08*(1/omega_0*exp(-(c/v)**2)) + 26.15*(sqrt(Abs(omega_0))*exp(-(c/v)**2)) + 5.312*(1/c*log(Abs(c/v))) + -4.475*(Abs(c)**(-1/2)*1/v) + 2.904*(Abs(c)**(-1/2)*omega_0) + 0.1949*(sqrt(Abs(omega_0))*v**(2)) + 0.1769*(1/v*sin(c/v)) + 0.09755*(sqrt(Abs(omega_0))*cos(c/v)) + -0.006292*(c**(2)*Abs(omega_0)**(-1/2)),up_to_constant,0.201526,0.984406,0.001021,-0.195444,1.17565,0.14677
I.34.1,I.34.1,Feynman I.34.1,1/s,3,0.02,1984,250,0.874,True,231,10,0.527205,0.997684,0.0,omega_0/(1-v/c),12.55*(sqrt(Abs(omega_0))*exp(-(c/v)**2)) + -3.754*(Abs(c)**(-1/2)*1/v) + 3.199*(Abs(c)**(-1/2)*omega_0) + 1.599*(1/c*log(Abs(c/v))) + 1.197*(1/omega_0*1/v) + 0.1959*(sqrt(Abs(omega_0))*v**(2)) + 0.1216*(1/v*sin(c/v)) + 0.1214*(sqrt(Abs(omega_0))*cos(c/v)) + -0.008142*(c**(2)*Abs(omega_0)**(-1/2)),up_to_constant,0.22269,0.983904,0.001321,-0.128292,1.10961,0.149712
I.34.14,I.34.14,Feynman I.34.14,1/s,3,0.0,1984,250,0.874,True,231,10,0.137273,0.997966,0.0,(1+v/c)/sqrt(1-v**2/c**2)*omega_0,-6.065*(1/c*log(Abs(c/v))) + 5.211*(Abs(v)**(-1/2)*tanh(c/v)) + 2.689*(sqrt(Abs(omega_0))*exp(-(c/v)**2/2)) + -0.8757*(sqrt(Abs(omega_0))*1/v) + 0.4221*(Abs(c)**(-1/2)*omega_0**(2)) + -0.3649*(Abs(omega_0)**(-1/2)*v**(2)) + 0.2551*(sqrt(Abs(omega_0))*v**(2)) + -0.2534*(1/omega_0*c/v) + 0.09174*(omega_0**(2)*Abs(v)**(-1/2)) + -0.01569*(omega_0**(3)),up_to_constant,0.07861,1.000184,0.000259,0.943035,0.014092,0.153369
I.34.14,I.34.14,Feynman I.34.14,1/s,3,0.01,1984,250,0.874,True,231,10,0.144649,0.997889,0.0,(1+v/c)/sqrt(1-v**2/c**2)*omega_0,-6.081*(1/c*log(Abs(c/v))) + 5.235*(Abs(v)**(-1/2)*tanh(c/v)) + 2.637*(sqrt(Abs(omega_0))*exp(-(c/v)**2/2)) + -0.886*(sqrt(Abs(omega_0))*1/v) + 0.4225*(Abs(c)**(-1/2)*omega_0**(2)) + -0.3657*(Abs(omega_0)**(-1/2)*v**(2)) + -0.2554*(1/omega_0*c/v) + 0.2554*(sqrt(Abs(omega_0))*v**(2)) + 0.09186*(omega_0**(2)*Abs(v)**(-1/2)) + -0.01574*(omega_0**(3)),up_to_constant,0.078838,1.000294,0.00026,0.942116,0.014319,0.14726
I.34.14,I.34.14,Feynman I.34.14,1/s,3,0.02,1984,250,0.874,True,231,10,0.247173,0.997657,0.0,(1+v/c)/sqrt(1-v**2/c**2)*omega_0,-6.096*(1/c*log(Abs(c/v))) + 5.259*(Abs(v)**(-1/2)*tanh(c/v)) + 2.585*(sqrt(Abs(omega_0))*exp(-(c/v)**2/2)) + -0.8963*(sqrt(Abs(omega_0))*1/v) + 0.4229*(Abs(c)**(-1/2)*omega_0**(2)) + -0.3665*(Abs(omega_0)**(-1/2)*v**(2)) + -0.2574*(1/omega_0*c/v) + 0.2556*(sqrt(Abs(omega_0))*v**(2)) + 0.09199*(omega_0**(2)*Abs(v)**(-1/2)) + -0.01578*(omega_0**(3)),up_to_constant,0.079065,1.000403,0.000261,0.941167,0.014554,0.167657
I.34.27,I.34.27,Feynman I.34.27,kg*m^2/s^2,2,0.0,40,40,0.0,False,39,1,0.0,1.0,0.0,(h/(2*pi))*omega,0.1592*(h*omega),exact,0.0,1.0,0.0,1.0,0.0,0.055243
I.34.27,I.34.27,Feynman I.34.27,kg*m^2/s^2,2,0.01,40,40,0.0,False,39,1,0.002698,0.99992,0.0,(h/(2*pi))*omega,0.1592*(h*omega),up_to_constant,0.000294,1.000294,0.0,1.0,0.0,0.108559
I.34.27,I.34.27,Feynman I.34.27,kg*m^2/s^2,2,0.02,40,40,0.0,False,39,1,0.010792,0.999681,0.0,(h/(2*pi))*omega,0.1592*(h*omega),up_to_constant,0.000589,1.000589,0.0,0.999999,0.0,0.085066
I.37.4,I.37.4,Feynman I.37.4,kg/s^3,3,0.0,3844,250,0.935,True,226,10,13.667141,0.970918,0.0,I1+I2+2*sqrt(I1*I2)*cos(delta),-17.77*(Abs(delta)**(-1/2)*cos(delta)) + 13.04*(cos(delta)) + 6.523*(Abs(I1)**(-1/2)*cos(delta)) + -6.356*(sqrt(Abs(delta))*cos(delta)) + 3.901*(sqrt(Abs(I1))*cos(delta)) + 2.479*(I1*1/delta) + 1.229*(Abs(delta)**(-1/2)*1/(I1/I2)) + 1.05*(sqrt(Abs(I2))*cos(delta)) + -0.6743*(Abs(I2)**(-1/2)*cos(delta)) + 0.02129*(sqrt(Abs(I2))*exp(delta)),wrong,2.914557,1.131753,0.012338,0.525109,0.162014,0.288281
I.37.4,I.37.4,Feynman I.37.4,kg/s^3,3,0.01,3844,250,0.935,True,226,10,13.589307,0.970572,0.0,I1+I2+2*sqrt(I1*I2)*cos(delta),-17.97*(Abs(delta)**(-1/2)*cos(delta)) + 13.26*(cos(delta)) + 6.657*(Abs(I1)**(-1/2)*cos(delta)) + -6.437*(sqrt(Abs(delta))*cos(delta)) + 3.953*(sqrt(Abs(I1))*cos(delta)) + 2.481*(I1*1/delta) + 1.227*(Abs(delta)**(-1/2)*1/(I1/I2)) + 1.005*(sqrt(Abs(I2))*cos(delta)) + -0.7789*(Abs(I2)**(-1/2)*cos(delta)) + 0.02129*(sqrt(Abs(I2))*exp(delta)),wrong,2.946814,1.131507,0.012338,0.526799,0.161438,0.244031
I.37.4,I.37.4,Feynman I.37.4,kg/s^3,3,0.02,3844,250,0.935,True,226,10,13.572005,0.970075,0.0,I1+I2+2*sqrt(I1*I2)*cos(delta),-18.16*(Abs(delta)**(-1/2)*cos(delta)) + 13.48*(cos(delta)) + 6.791*(Abs(I1)**(-1/2)*cos(delta)) + -6.517*(sqrt(Abs(delta))*cos(delta)) + 4.006*(sqrt(Abs(I1))*cos(delta)) + 2.483*(I1*1/delta) + 1.224*(Abs(delta)**(-1/2)*1/(I1/I2)) + 0.9598*(sqrt(Abs(I2))*cos(delta)) + -0.8834*(Abs(I2)**(-1/2)*cos(delta)) + 0.0213*(sqrt(Abs(I2))*exp(delta)),wrong,2.979071,1.131261,0.012341,0.52848,0.160864,0.259559
I.38.12,I.38.12,Feynman I.38.12,m,4,0.0,368,250,0.3207,True,249,10,17.777828,0.967192,0.0,4*pi*epsilon*(h/(2*pi))**2/(m*q**2),3.277*(h*1/m*1/q) + -1.779*(1/h*1/m) + -1.466*(h*1/q) + -0.2517*(h*1/m*q) + 0.2398*(h**(2)*1/q) + 0.2348*(1/h*sqrt(Abs(m))) + 0.1043*(1/m*q**(2)) + 0.04553*(epsilon**(2)*h*1/q) + 0.02616*(1/epsilon*q**(2)) + -0.001156*(epsilon**(2)*m*q),wrong,24.006946,1.259427,0.024435,0.586155,0.390995,0.121477
I.38.12,I.38.12,Feynman I.38.12,m,4,0.01,368,250,0.3207,True,249,9,18.091106,0.965686,0.0,4*pi*epsilon*(h/(2*pi))**2/(m*q**2),3.203*(h*1/m*1/q) + -1.322*(h*1/q) + -1.267*(1/h*1/m) + -0.2571*(h*1/m*q) + 0.2177*(h**(2)*1/q) + 0.0954*(1/m*q**(2)) + 0.04434*(epsilon**(2)*h*1/q) + 0.03699*(1/epsilon*q**(2)) + -0.0006408*(epsilon**(2)*m*q),wrong,12.97225,0.923716,0.025502,0.575666,0.400906,0.095532
I.38.12,I.38.12,Feynman I.38.12,m,4,0.02,368,250,0.3207,True,249,9,18.218746,0.96546,0.0,4*pi*epsilon*(h/(2*pi))**2/(m*q**2),3.205*(h*1/m*1/q) + -1.323*(h*1/q) + -1.264*(1/h*1/m) + -0.2572*(h*1/m*q) + 0.2178*(h**(2)*1/q) + 0.09468*(1/m*q**(2)) + 0.04434*(epsilon**(2)*h*1/q) + 0.03759*(1/epsilon*q**(2)) + -0.0006373*(epsilon**(2)*m*q),wrong,13.287102,0.938105,0.025507,0.575729,0.400846,0.121789
I.39.1,I.39.1,Feynman I.39.1,kg*m^2/s^2,2,0.0,40,40,0.0,False,39,1,0.0,1.0,0.0,3/2*pr*V,1.5*(V*pr),exact,0.0,1.0,0.0,1.0,0.0,0.055168
I.39.1,I.39.1,Feynman I.39.1,kg*m^2/s^2,2,0.01,40,40,0.0,False,39,1,0.239648,0.99992,0.0,3/2*pr*V,1.5*(V*pr),up_to_constant,0.000294,1.000294,0.0,1.0,0.0,0.066874
I.39.1,I.39.1,Feynman I.39.1,kg*m^2/s^2,2,0.02,40,40,0.0,False,39,1,0.958591,0.999681,0.0,3/2*pr*V,1.501*(V*pr),up_to_constant,0.000589,1.000589,0.0,0.999999,0.0,0.084504
I.39.11,I.39.11,Feynman I.39.11,kg*m^2/s^2,3,0.0,1984,250,0.874,True,211,10,3.104982,0.990746,0.0,1/(gamma-1)*pr*V,51.89*(sqrt(Abs(pr))*exp(-(gamma)**2)) + -31.83*(1/pr*exp(-(gamma)**2/2)) + 11.81*(V*1/gamma) + -6.53*(V*Abs(gamma)**(-1/2)) + 1.531*(1/gamma*pr) + 1.143*(1/V*cos(gamma)) + 0.3824*(V*pr) + -0.04376*(Abs(V)**(-1/2)*pr**(2)) + 0.02039*(1/pr*exp(gamma)) + -0.005987*(sqrt(Abs(pr))*exp(gamma)),approx,0.709631,1.001047,0.002837,0.917447,0.051992,0.16131
I.39.11,I.39.11,Feynman I.39.11,kg*m^2/s^2,3,0.01,1984,250,0.874,True,211,10,3.125274,0.990797,0.0,1/(gamma-1)*pr*V,52.02*(sqrt(Abs(pr))*exp(-(gamma)**2)) + -31.7*(1/pr*exp(-(gamma)**2/2)) + 11.8*(V*1/gamma) + -6.532*(V*Abs(gamma)**(-1/2)) + 1.513*(1/gamma*pr) + 1.109*(1/V*cos(gamma)) + 0.3839*(V*pr) + -0.04362*(Abs(V)**(-1/2)*pr**(2)) + 0.02033*(1/pr*exp(gamma)) + -0.005972*(sqrt(Abs(pr))*exp(gamma)),approx,0.696886,1.001237,0.002839,0.917429,0.052004,0.153222
I.39.11,I.39.11,Feynman I.39.11,kg*m^2/s^2,3,0.02,1984,250,0.874,True,211,10,3.196881,0.988128,0.0,1/(gamma-1)*pr*V,67.27*(sqrt(Abs(pr))*exp(-(gamma)**2)) + -35.02*(1/pr*exp(-(gamma)**2/2)) + 14.49*(V*1/gamma) + -8.129*(V*Abs(gamma)**(-1/2)) + 1.245*(1/pr*cos(gamma)) + 0.6531*(1/gamma*pr) + 0.3772*(V*pr) + -0.1854*(V*cos(gamma)) + 0.03022*(1/pr*(gamma)**3) + -0.0158*(1/V*exp(gamma)),approx,1.021714,0.998837,0.003672,0.937417,0.039415,0.14478
I.39.22,I.39.22,Feynman I.39.22,kg/m/s^2,4,0.0,5888,250,0.9575,True,230,10,422.616919,0.971097,0.0,n*kb*T/V,-43.21*(1/T*1/V) + 27.07*(1/kb*1/n) + 11.7*(1/V*kb) + -7.807*(T*1/n) + -6.137*(sqrt(Abs(kb))*sqrt(Abs(n))) + 5.34*(1/V*n) + 0.7467*(T*kb) + 0.7279*(T**(2)*Abs(V)**(-1/2)) + 0.7249*(kb*n) + 0.3817*(Abs(T)**(-1/2)*V**(2)),wrong,3.15482,0.939296,0.014938,0.927308,0.041264,0.358457
I.39.22,I.39.22,Feynman I.39.22,kg/m/s^2,4,0.01,5888,250,0.9575,True,230,10,425.793768,0.97455,0.0,n*kb*T/V,-48.56*(1/T*1/V) + 24.05*(1/T*1/kb) + 11.82*(1/V*kb) + -7.313*(sqrt(Abs(kb))*sqrt(Abs(n))) + -6.607*(T*1/n) + 4.578*(1/V*n) + 3.084*(V*1/n) + 1.153*(kb*n) + 1.029*(T**(2)*Abs(V)**(-1/2)) + 0.4206*(T*kb),wrong,5.401779,1.0083,0.013256,0.942958,0.03238,0.383159
I.39.22,I.39.22,Feynman I.39.22,kg/m/s^2,4,0.02,5888,250,0.9575,True,230,9,239.474535,0.965395,0.0,n*kb*T/V,-33.25*(1/T*1/V) + 10.06*(1/V*kb) + -7.154*(T*1/n) + -5.445*(sqrt(Abs(kb))*sqrt(Abs(n))) + 5.251*(1/V*n) + 4.159*(V*1/n) + 1.117*(T**(2)*Abs(V)**(-1/2)) + 0.8181*(kb*n) + 0.3013*(T*kb),wrong,3.243206,0.919405,0.017911,0.92004,0.045389,0.36244
I.40.1,I.40.1,Feynman I.40.1,1/m^3,6,0.0,418,250,0.4019,True,249,10,3.787563,0.815102,0.0,n_0*exp(-m*g*x/(kb*T)),-1.017*(Abs(kb)**(-1/2)*sqrt(Abs(x))) + 0.5817*(1/T*1/kb) + 0.5698*(sqrt(Abs(T))*1/x) + -0.3976*(sqrt(Abs(kb))*Abs(x)**(-1/2)) + 0.3608*(T*1/g) + 0.3458*(T*Abs(m)**(-1/2)) + 0.2043*(1/T*x) + 0.08418*(sqrt(Abs(kb))*n_0) + -0.06777*(sqrt(Abs(T))*m) + 0.0009662*(Abs(g)**(-1/2)*sqrt(Abs(n_0))),wrong,36.528342,0.578908,0.107585,0.529913,0.339483,0.092431
I.40.1,I.40.1,Feynman I.40.1,1/m^3,6,0.01,418,250,0.4019,True,249,10,3.784582,0.815295,0.0,n_0*exp(-m*g*x/(kb*T)),-1.01*(Abs(kb)**(-1/2)*sqrt(Abs(x))) + 0.5816*(1/T*1/kb) + 0.5728*(sqrt(Abs(T))*1/x) + -0.3982*(sqrt(Abs(kb))*Abs(x)**(-1/2)) + 0.363*(T*1/g) + 0.3435*(T*Abs(m)**(-1/2)) + 0.2035*(1/T*x) + 0.08526*(sqrt(Abs(kb))*n_0) + -0.0683*(sqrt(Abs(T))*m) + -0.007023*(Abs(g)**(-1/2)*sqrt(Abs(n_0))),wrong,36.417588,0.585568,0.107705,0.531039,0.33867,0.098745
I.40.1,I.40.1,Feynman I.40.1,1/m^3,6,0.02,418,250,0.4019,True,249,10,3.783735,0.815367,0.0,n_0*exp(-m*g*x/(kb*T)),-1.003*(Abs(kb)**(-1/2)*sqrt(Abs(x))) + 0.5815*(1/T*1/kb) + 0.5757*(sqrt(Abs(T))*1/x) + -0.3988*(sqrt(Abs(kb))*Abs(x)**(-1/2)) + 0.3652*(T*1/g) + 0.3412*(T*Abs(m)**(-1/2)) + 0.2028*(1/T*x) + 0.08633*(sqrt(Abs(kb))*n_0) + -0.06884*(sqrt(Abs(T))*m) + -0.01501*(Abs(g)**(-1/2)*sqrt(Abs(n_0))),wrong,36.306834,0.592228,0.10783,0.532143,0.337873,0.103231
I.41.16,I.41.16,Feynman I.41.16,kg/s^2,5,0.0,961,250,0.7399,True,249,10,44.322081,0.901244,0.0,h/(2*pi)*omega**3/(pi**2*c**2*(exp((h/(2*pi))*omega/(kb*T))-1)),-13.31*(1/c*sqrt(Abs(omega))) + 6.966*(1/c*omega) + 0.6888*(c*1/omega) + 0.5426*(T**(2)*1/c) + 0.4903*(c*1/h) + -0.3151*(T**(2)*1/omega) + -0.2872*(c*sqrt(Abs(omega))) + 0.2567*(1/c*kb**(2)) + 0.1346*(1/c*h**(2)) + -0.09234*(1/c*omega**(2)),wrong,55.868463,1.269688,0.068153,0.654035,0.279147,0.157672
I.41.16,I.41.16,Feynman I.41.16,kg/s^2,5,0.01,961,250,0.7399,True,249,10,44.013321,0.9009,0.0,h/(2*pi)*omega**3/(pi**2*c**2*(exp((h/(2*pi))*omega/(kb*T))-1)),-13.33*(1/c*sqrt(Abs(omega))) + 6.99*(1/c*omega) + 0.6875*(c*1/omega) + 0.5432*(T**(2)*1/c) + 0.4874*(c*1/h) + -0.3159*(T**(2)*1/omega) + -0.2853*(c*sqrt(Abs(omega))) + 0.2565*(1/c*kb**(2)) + 0.1338*(1/c*h**(2)) + -0.09622*(1/c*omega**(2)),wrong,55.652425,1.266581,0.068159,0.654069,0.279119,0.13981
I.41.16,I.41.16,Feynman I.41.16,kg/s^2,5,0.02,961,250,0.7399,True,249,10,43.745643,0.900418,0.0,h/(2*pi)*omega**3/(pi**2*c**2*(exp((h/(2*pi))*omega/(kb*T))-1)),-13.35*(1/c*sqrt(Abs(omega))) + 7.014*(1/c*omega) + 0.6862*(c*1/omega) + 0.5438*(T**(2)*1/c) + 0.4844*(c*1/h) + -0.3166*(T**(2)*1/omega) + -0.2833*(c*sqrt(Abs(omega))) + 0.2564*(1/c*kb**(2)) + 0.133*(1/c*h**(2)) + -0.1001*(1/c*omega**(2)),wrong,55.436387,1.263473,0.068169,0.654097,0.279096,0.143616
I.43.16,I.43.16,Feynman I.43.16,m*A,4,0.0,368,250,0.3207,True,249,9,72.534779,0.995509,0.0,mu_drift*q*Volt/d,-3.324*(sqrt(Abs(mu_drift))*1/q) + 2.428*(Volt*1/d*mu_drift) + 0.7618*(1/Volt*d**(2)*1/mu_drift) + -0.7397*(1/Volt*1/d*mu_drift**(2)) + 0.4333*(1/d*mu_drift*q**(2)) + -0.3473*(q**(2)) + 0.02457*(Volt**(2)*q**(2)) + -0.007902*(Volt**(2)*d**(2)) + 0.007356*(d**(2)*mu_drift**(2)),approx,2.335314,1.002335,0.002184,0.957408,0.023141,0.094418
I.43.16,I.43.16,Feynman I.43.16,m*A,4,0.01,368,250,0.3207,True,249,9,72.045089,0.995349,0.0,mu_drift*q*Volt/d,-3.348*(sqrt(Abs(mu_drift))*1/q) + 2.431*(Volt*1/d*mu_drift) + 0.7672*(1/Volt*d**(2)*1/mu_drift) + -0.7302*(1/Volt*1/d*mu_drift**(2)) + 0.4337*(1/d*mu_drift*q**(2)) + -0.3505*(q**(2)) + 0.02468*(Volt**(2)*q**(2)) + -0.007895*(Volt**(2)*d**(2)) + 0.007325*(d**(2)*mu_drift**(2)),approx,2.348978,1.001547,0.002186,0.957167,0.023273,0.093675
I.43.16,I.43.16,Feynman I.43.16,m*A,4,0.02,368,250,0.3207,True,249,9,72.502966,0.995036,0.0,mu_drift*q*Volt/d,-3.372*(sqrt(Abs(mu_drift))*1/q) + 2.433*(Volt*1/d*mu_drift) + 0.7726*(1/Volt*d**(2)*1/mu_drift) + -0.7206*(1/Volt*1/d*mu_drift**(2)) + 0.4342*(1/d*mu_drift*q**(2)) + -0.3538*(q**(2)) + 0.02479*(Volt**(2)*q**(2)) + -0.007887*(Volt**(2)*d**(2)) + 0.007295*(d**(2)*mu_drift**(2)),approx,2.362642,1.000758,0.00219,0.956915,0.023409,0.092259
I.43.31,I.43.31,Feynman I.43.31,m^2/s,3,0.0,124,124,0.0,False,123,1,0.0,1.0,0.0,mob*kb*T,1*(T*kb*mob),exact,0.0,1.0,0.0,1.0,0.0,0.059757
I.43.31,I.43.31,Feynman I.43.31,m^2/s,3,0.01,124,124,0.0,False,123,1,1.725489,0.99992,0.0,mob*kb*T,1*(T*kb*mob),up_to_constant,0.000384,1.000384,0.0,1.0,0.0,0.086611
I.43.31,I.43.31,Feynman I.43.31,m^2/s,3,0.02,124,124,0.0,False,123,1,6.901955,0.999681,0.0,mob*kb*T,1.001*(T*kb*mob),up_to_constant,0.000768,1.000768,1e-06,0.999999,1e-06,0.066691
I.43.43,I.43.43,Feynman I.43.43,kg*m/s^3/K,4,0.0,5888,250,0.9575,True,225,9,9.347175,0.956134,0.0,1/(gamma-1)*kb*v/A,-16.68*(1/gamma*sqrt(Abs(v))) + 15.1*(1/A*1/gamma) + 10.78*(sqrt(Abs(kb))*1/(gamma)**2) + -8.409*(1/A*1/v) + 7.013*(1/gamma*v) + 6.596*(1/kb*1/v) + 0.9104*(1/A*kb) + -0.537*(Abs(kb)**(-1/2)*sin(gamma)) + -0.5117*(1/kb*v),wrong,0.972219,0.984205,0.020392,0.911221,0.050099,0.360333
I.43.43,I.43.43,Feynman I.43.43,kg*m/s^3/K,4,0.01,5888,250,0.9575,True,225,9,9.230994,0.955539,0.0,1/(gamma-1)*kb*v/A,-16.67*(1/gamma*sqrt(Abs(v))) + 15.09*(1/A*1/gamma) + 10.74*(sqrt(Abs(kb))*1/(gamma)**2) + -8.39*(1/A*1/v) + 7.019*(1/gamma*v) + 6.608*(1/kb*1/v) + 0.9094*(1/A*kb) + -0.5368*(Abs(kb)**(-1/2)*sin(gamma)) + -0.5153*(1/kb*v),wrong,0.996808,0.985295,0.020393,0.911868,0.049734,0.441547
I.43.43,I.43.43,Feynman I.43.43,kg*m/s^3/K,4,0.02,5888,250,0.9575,True,225,9,9.126324,0.954795,0.0,1/(gamma-1)*kb*v/A,-16.67*(1/gamma*sqrt(Abs(v))) + 15.08*(1/A*1/gamma) + 10.7*(sqrt(Abs(kb))*1/(gamma)**2) + -8.372*(1/A*1/v) + 7.025*(1/gamma*v) + 6.62*(1/kb*1/v) + 0.9085*(1/A*kb) + -0.5366*(Abs(kb)**(-1/2)*sin(gamma)) + -0.5189*(1/kb*v),wrong,1.021396,0.986385,0.020398,0.912506,0.049374,0.38696
I.44.4,I.44.4,Feynman I.44.4,kg*m^2/s^2,5,0.0,29791,250,0.9916,True,242,10,5368.647668,0.899455,0.0,n*kb*T*log(V2/V1),141.8*(1/V2*1/kb) + -36.68*(Abs(V1)**(-1/2)*sqrt(Abs(V2))) + -36.38*(log(Abs(V1/V2))) + -28.11*(T*1/V2) + 24.65*(T*1/V1) + 20.98*(1/V2*1/n) + -14.25*(V2*1/kb) + 12.9*(V1*1/n) + -3.976*(1/T*V2) + 2.655*(V2*n),wrong,24.852901,1.022671,0.099995,0.670256,0.328883,1.829035
I.44.4,I.44.4,Feynman I.44.4,kg*m^2/s^2,5,0.01,29791,250,0.9916,True,242,10,5352.051501,0.899478,0.0,n*kb*T*log(V2/V1),142.3*(1/V2*1/kb) + -36.61*(Abs(V1)**(-1/2)*sqrt(Abs(V2))) + -36.5*(log(Abs(V1/V2))) + -28.14*(T*1/V2) + 24.6*(T*1/V1) + 20.82*(1/V2*1/n) + -14.32*(V2*1/kb) + 12.94*(V1*1/n) + -4.035*(1/T*V2) + 2.662*(V2*n),wrong,24.928583,1.024793,0.1,0.669882,0.329256,1.800919
I.44.4,I.44.4,Feynman I.44.4,kg*m^2/s^2,5,0.02,29791,250,0.9916,True,242,10,5338.976527,0.899366,0.0,n*kb*T*log(V2/V1),142.9*(1/V2*1/kb) + -36.62*(log(Abs(V1/V2))) + -36.54*(Abs(V1)**(-1/2)*sqrt(Abs(V2))) + -28.17*(T*1/V2) + 24.55*(T*1/V1) + 20.66*(1/V2*1/n) + -14.39*(V2*1/kb) + 12.98*(V1*1/n) + -4.093*(1/T*V2) + 2.67*(V2*n),wrong,25.004265,1.026915,0.100014,0.669496,0.329641,1.870362
I.47.23,I.47.23,Feynman I.47.23,m/s,3,0.0,1984,250,0.874,True,205,10,0.195875,0.999355,0.0,sqrt(gamma*pr/rho),-1.566*(1/rho*exp(-(gamma)**2)) + 0.6769*(sqrt(Abs(gamma))*Abs(rho)**(-1/2)) + 0.5606*(pr*Abs(rho)**(-1/2)) + 0.3985*(sqrt(Abs(rho))*exp(-(gamma)**2)) + 0.3036*(sqrt(Abs(pr))*log(Abs(gamma))) + -0.1517*(pr) + 0.06865*(1/pr*cos(gamma)) + -0.01953*(1/pr*rho) + 0.003578*(1/rho*exp(gamma)) + -0.003464*(1/pr*exp(gamma)),up_to_constant,0.078747,1.000093,9e-05,0.987838,0.002315,0.179522
I.47.23,I.47.23,Feynman I.47.23,m/s,3,0.01,1984,250,0.874,True,205,10,0.199185,0.999209,0.0,sqrt(gamma*pr/rho),-1.572*(1/rho*exp(-(gamma)**2)) + 0.6801*(sqrt(Abs(gamma))*Abs(rho)**(-1/2)) + 0.5611*(pr*Abs(rho)**(-1/2)) + 0.4049*(sqrt(Abs(rho))*exp(-(gamma)**2)) + 0.3078*(sqrt(Abs(pr))*log(Abs(gamma))) + -0.1541*(pr) + 0.07163*(1/pr*cos(gamma)) + -0.02051*(1/pr*rho) + -0.0035*(1/pr*exp(gamma)) + 0.003416*(1/rho*exp(gamma)),up_to_constant,0.079579,1.000082,9.1e-05,0.988701,0.002151,0.190255
I.47.23,I.47.23,Feynman I.47.23,m/s,3,0.02,1984,250,0.874,True,205,10,0.14544,0.998779,0.0,sqrt(gamma*pr/rho),0.8772*(sqrt(Abs(gamma))*Abs(rho)**(-1/2)) + -0.5879*(1/rho*exp(-(gamma)**2/2)) + 0.5138*(pr*Abs(rho)**(-1/2)) + 0.2476*(sqrt(Abs(pr))*log(Abs(gamma))) + 0.2203*(1/pr*cos(gamma)) + -0.1467*(1/rho*sin(gamma)) + -0.1163*(pr) + -0.04903*(1/pr**(2)) + 0.01538*(pr*cos(gamma)) + -0.004686*(1/pr*exp(gamma)),up_to_constant,0.063894,0.999241,0.000141,0.961498,0.007329,0.213542
I.48.2,I.48.2,Feynman I.48.2,kg*m^2/s^2,3,0.0,1984,250,0.874,True,230,10,1174.193151,0.997753,0.0,m*c**2/sqrt(1-v**2/c**2),310.1*(1/c*1/v) + -266.3*(1/m*(v/c)**2) + -110.5*(1/c*m) + 87.48*(m*(v/c)**3) + 48.49*(1/m*v) + 13.43*(c*m) + -13.14*(c*sqrt(Abs(m))) + -12.23*(c*1/m) + -9.916*(sqrt(Abs(m))*1/v) + 0.1739*(c**(3)),approx,0.724006,1.00218,0.000701,0.983606,0.007138,0.187107
I.48.2,I.48.2,Feynman I.48.2,kg*m^2/s^2,3,0.01,1984,250,0.874,True,230,10,836.875155,0.998301,0.0,m*c**2/sqrt(1-v**2/c**2),255.6*(1/c*1/v) + -77.37*(1/m*(v/c)**2) + 53.61*(m*(v/c)**3) + -47.47*(sqrt(Abs(m))*1/v) + -21.42*(1/c*m) + 18.29*(c*m) + -16.13*(c*sqrt(Abs(m))) + -3.633*(m**(2)*sqrt(Abs(v))) + 1.687*(c*1/m) + 0.1136*(c**(3)),approx,0.525492,1.001407,0.000518,0.985782,0.006191,0.173784
I.48.2,I.48.2,Feynman I.48.2,kg*m^2/s^2,3,0.02,1984,250,0.874,True,230,10,850.427355,0.998107,0.0,m*c**2/sqrt(1-v**2/c**2),260.6*(1/c*1/v) + -87.12*(1/m*(v/c)**2) + 54.12*(m*(v/c)**3) + -49.32*(sqrt(Abs(m))*1/v) + -18.94*(1/c*m) + 18.53*(c*m) + -16.32*(c*sqrt(Abs(m))) + -3.782*(m**(2)*sqrt(Abs(v))) + 1.901*(c*1/m) + 0.1116*(c**(3)),approx,0.49556,1.001125,0.000522,0.985854,0.006159,0.174541
I.50.26,I.50.26,Feynman I.50.26,m,4,0.0,5888,250,0.9575,True,222,5,131.312879,0.333707,0.0,x1*(cos(omega*t)+alpha*cos(omega*t)**2),-3.782*(1/alpha*1/t) + 1.019*(sqrt(Abs(omega))*x1) + 0.8168*(sqrt(Abs(t))*Abs(x1)**(-1/2)) + -0.5919*(sqrt(Abs(alpha))*sin(alpha)) + -0.3617*(1/omega*x1),wrong,24.048048,0.058487,0.354674,0.234959,0.483637,0.364794
I.50.26,I.50.26,Feynman I.50.26,m,4,0.01,5888,250,0.9575,True,222,5,131.958492,0.333421,0.0,x1*(cos(omega*t)+alpha*cos(omega*t)**2),-3.774*(1/alpha*1/t) + 1.02*(sqrt(Abs(omega))*x1) + 0.8144*(sqrt(Abs(t))*Abs(x1)**(-1/2)) + -0.5932*(sqrt(Abs(alpha))*sin(alpha)) + -0.3629*(1/omega*x1),wrong,24.034617,0.055723,0.354662,0.234834,0.483716,0.411767
I.50.26,I.50.26,Feynman I.50.26,m,4,0.02,5888,250,0.9575,True,222,5,132.62756,0.336614,0.0,x1*(cos(omega*t)+alpha*cos(omega*t)**2),-6.316*(Abs(alpha)**(-1/2)*1/t) + 1.35*(sqrt(Abs(t))*exp(-(alpha)**2)) + 0.832*(sqrt(Abs(omega))*x1) + 0.8264*(omega*1/t) + 0.7043*(sqrt(Abs(alpha))*Abs(x1)**(-1/2)),wrong,24.984259,0.123674,0.353951,0.201318,0.504904,0.359994
II.2.42,II.2.42,Feynman II.2.42,kg*m^2/s^3,5,0.0,15376,250,0.9837,True,242,10,253.638544,0.908553,0.0,kappa*(T2-T1)*A/d,48.18*(1/T1*1/d) + 26.97*(1/T2*1/kappa) + -26.18*(1/T1*1/kappa) + -22.26*(1/T2*1/d) + 6.033*(1/(1+(T1/T2)**2)) + -2.884*(A*1/T2) + -2.199*(T1*1/d) + -1.539*(T1*Abs(T2)**(-1/2)) + -1.083*(sin(T1/T2)) + 0.3292*(A*T2),wrong,8.420354,1.279655,0.091284,0.69579,0.302821,0.943426
II.2.42,II.2.42,Feynman II.2.42,kg*m^2/s^3,5,0.01,15376,250,0.9837,True,242,10,255.080311,0.90797,0.0,kappa*(T2-T1)*A/d,48.24*(1/T1*1/d) + 26.87*(1/T2*1/kappa) + -26.12*(1/T1*1/kappa) + -22.15*(1/T2*1/d) + 5.99*(1/(1+(T1/T2)**2)) + -2.903*(A*1/T2) + -2.228*(T1*1/d) + -1.519*(T1*Abs(T2)**(-1/2)) + -1.064*(sin(T1/T2)) + 0.3304*(A*T2),wrong,8.416169,1.278144,0.091289,0.695547,0.303062,0.992448
II.2.42,II.2.42,Feynman II.2.42,kg*m^2/s^3,5,0.02,15376,250,0.9837,True,242,10,256.781104,0.90725,0.0,kappa*(T2-T1)*A/d,48.31*(1/T1*1/d) + 26.77*(1/T2*1/kappa) + -26.07*(1/T1*1/kappa) + -22.04*(1/T2*1/d) + 5.947*(1/(1+(T1/T2)**2)) + -2.921*(A*1/T2) + -2.258*(T1*1/d) + -1.499*(T1*Abs(T2)**(-1/2)) + -1.045*(sin(T1/T2)) + 0.3316*(A*T2),wrong,8.411984,1.276633,0.091303,0.695291,0.303317,0.922372
II.3.24,II.3.24,Feynman II.3.24,kg/s^3,2,0.0,40,40,0.0,False,39,9,0.001174,0.997725,0.0,Pwr/(4*pi*r**2),0.2708*(1/r**(2)) + -0.2199*(1/Pwr*1/r) + -0.1817*(sqrt(Abs(Pwr))*1/r) + 0.1101*(Pwr*1/r) + 0.1053*(1/Pwr) + -0.002804*(1/Pwr*r**(2)) + -0.0009118*(Pwr**(2)*r) + 0.0001343*(Pwr**(2)*r**(2)) + 8.211e-05*(r**(3)),approx,0.699837,1.0,0.001288,0.990187,0.007337,0.101617
II.3.24,II.3.24,Feynman II.3.24,kg/s^3,2,0.01,40,40,0.0,False,39,9,0.001145,0.997535,0.0,Pwr/(4*pi*r**2),0.2727*(1/r**(2)) + -0.2227*(1/Pwr*1/r) + -0.1823*(sqrt(Abs(Pwr))*1/r) + 0.11*(Pwr*1/r) + 0.107*(1/Pwr) + -0.00293*(1/Pwr*r**(2)) + -0.0008901*(Pwr**(2)*r) + 0.000129*(Pwr**(2)*r**(2)) + 9.225e-05*(r**(3)),approx,0.854829,0.998796,0.00129,0.99017,0.00735,0.126263
II.3.24,II.3.24,Feynman II.3.24,kg/s^3,2,0.02,40,40,0.0,False,39,9,0.001132,0.997192,0.0,Pwr/(4*pi*r**2),0.2746*(1/r**(2)) + -0.2255*(1/Pwr*1/r) + -0.1829*(sqrt(Abs(Pwr))*1/r) + 0.1098*(Pwr*1/r) + 0.1087*(1/Pwr) + -0.003057*(1/Pwr*r**(2)) + -0.0008684*(Pwr**(2)*r) + 0.0001237*(Pwr**(2)*r**(2)) + 0.0001024*(r**(3)),approx,1.009821,0.997591,0.001296,0.990125,0.007383,0.12854
II.4.23,II.4.23,Feynman II.4.23,kg*m^2/s^3/A,3,0.0,124,124,0.0,False,123,1,0.0,1.0,0.0,q/(4*pi*epsilon*r),0.07958*(1/epsilon*q*1/r),exact,0.0,1.0,0.0,1.0,0.0,0.155842
II.4.23,II.4.23,Feynman II.4.23,kg*m^2/s^3/A,3,0.01,124,124,0.0,False,123,1,2e-06,0.99992,0.0,q/(4*pi*epsilon*r),0.07958*(1/epsilon*q*1/r),up_to_constant,1.7e-05,1.000017,0.0,1.0,0.0,0.129889
II.4.23,II.4.23,Feynman II.4.23,kg*m^2/s^3/A,3,0.02,124,124,0.0,False,123,1,8e-06,0.999678,0.0,q/(4*pi*epsilon*r),0.07958*(1/epsilon*q*1/r),up_to_constant,3.4e-05,1.000034,0.0,1.0,0.0,0.065892
II.6.11,II.6.11,Feynman II.6.11,kg*m^2/s^3/A,4,0.0,5888,250,0.9575,True,230,9,0.000827,0.915343,0.0,1/(4*pi*epsilon)*p_d*cos(theta)/r**2,-0.2076*(Abs(r)**(-1/2)*log(Abs(theta))) + 0.1833*(Abs(r)**(-1/2)*sqrt(Abs(theta))) + -0.1372*(sqrt(Abs(epsilon))*exp(-(theta)**2)) + -0.04962*(1/r*theta) + -0.03331*(1/epsilon*1/r) + -0.031*(sqrt(Abs(r))*sin(theta)) + -0.02629*(1/epsilon*p_d) + 0.02042*(1/epsilon*r) + 0.01625*(p_d*1/theta),wrong,15.566545,0.823698,0.06345,0.617878,0.344539,0.45572
II.6.11,II.6.11,Feynman II.6.11,kg*m^2/s^3/A,4,0.01,5888,250,0.9575,True,230,9,0.000817,0.915052,0.0,1/(4*pi*epsilon)*p_d*cos(theta)/r**2,-0.2085*(Abs(r)**(-1/2)*log(Abs(theta))) + 0.1836*(Abs(r)**(-1/2)*sqrt(Abs(theta))) + -0.1376*(sqrt(Abs(epsilon))*exp(-(theta)**2)) + -0.04932*(1/r*theta) + -0.03377*(1/epsilon*1/r) + -0.03108*(sqrt(Abs(r))*sin(theta)) + -0.02634*(1/epsilon*p_d) + 0.02054*(1/epsilon*r) + 0.01628*(p_d*1/theta),wrong,15.606895,0.823969,0.063453,0.617063,0.345274,0.393076
II.6.11,II.6.11,Feynman II.6.11,kg*m^2/s^3/A,4,0.02,5888,250,0.9575,True,230,9,0.000808,0.914622,0.0,1/(4*pi*epsilon)*p_d*cos(theta)/r**2,-0.2093*(Abs(r)**(-1/2)*log(Abs(theta))) + 0.1838*(Abs(r)**(-1/2)*sqrt(Abs(theta))) + -0.1381*(sqrt(Abs(epsilon))*exp(-(theta)**2)) + -0.04902*(1/r*theta) + -0.03423*(1/epsilon*1/r) + -0.03115*(sqrt(Abs(r))*sin(theta)) + -0.02639*(1/epsilon*p_d) + 0.02065*(1/epsilon*r) + 0.01631*(p_d*1/theta),wrong,15.647245,0.824239,0.063462,0.616238,0.346018,0.388463
II.6.15a,II.6.15a,Feynman II.6.15a,kg*m/s^3/A,6,0.0,38038,250,0.9934,True,249,7,0.294076,0.876245,0.0,p_d/(4*pi*epsilon)*3*z/r**5*sqrt(x**2+y**2),1.66*(sqrt(Abs(p_d))*1/r) + -1.02*(sqrt(Abs(p_d))*Abs(r)**(-1/2)) + -0.6964*(1/r*Abs(z)**(-1/2)) + -0.1325*(sqrt(Abs(epsilon))*1/x) + 0.1189*(1/(r/z)**2) + 0.05524*((r/y)**2) + 0.04441*((y/z)**3),wrong,28.258345,-0.725025,0.096296,0.080751,0.74717,1.693275
II.6.15a,II.6.15a,Feynman II.6.15a,kg*m/s^3/A,6,0.01,38038,250,0.9934,True,249,7,0.292703,0.875962,0.0,p_d/(4*pi*epsilon)*3*z/r**5*sqrt(x**2+y**2),1.659*(sqrt(Abs(p_d))*1/r) + -1.019*(sqrt(Abs(p_d))*Abs(r)**(-1/2)) + -0.6969*(1/r*Abs(z)**(-1/2)) + -0.1315*(sqrt(Abs(epsilon))*1/x) + 0.1188*(1/(r/z)**2) + 0.0549*((r/y)**2) + 0.04445*((y/z)**3),wrong,28.138627,-0.7244,0.096298,0.07956,0.748138,1.65889
II.6.15a,II.6.15a,Feynman II.6.15a,kg*m/s^3/A,6,0.02,38038,250,0.9934,True,249,7,0.291723,0.875545,0.0,p_d/(4*pi*epsilon)*3*z/r**5*sqrt(x**2+y**2),1.659*(sqrt(Abs(p_d))*1/r) + -1.019*(sqrt(Abs(p_d))*Abs(r)**(-1/2)) + -0.6974*(1/r*Abs(z)**(-1/2)) + -0.1305*(sqrt(Abs(epsilon))*1/x) + 0.1186*(1/(r/z)**2) + 0.05457*((r/y)**2) + 0.04449*((y/z)**3),wrong,28.018909,-0.723774,0.096306,0.078365,0.74911,1.829684
II.6.15b,II.6.15b,Feynman II.6.15b,kg*m/s^3/A,4,0.0,5888,250,0.9575,True,230,6,0.003422,0.682691,0.0,p_d/(4*pi*epsilon)*3*cos(theta)*sin(theta)/r**3,0.4955*(Abs(r)**(-1/2)*exp(-(theta)**2)) + -0.04929*(1/epsilon*1/r) + -0.028*(r*1/theta) + -0.01251*(1/r*theta) + -0.01235*(p_d*1/r) + 0.008987*(r*theta),wrong,19.985709,1.820371,0.281157,-0.276094,1.266824,0.386149
II.6.15b,II.6.15b,Feynman II.6.15b,kg*m/s^3/A,4,0.01,5888,250,0.9575,True,230,6,0.003431,0.681601,0.0,p_d/(4*pi*epsilon)*3*cos(theta)*sin(theta)/r**3,0.4962*(Abs(r)**(-1/2)*exp(-(theta)**2)) + -0.04964*(1/epsilon*1/r) + -0.02804*(r*1/theta) + -0.01239*(1/r*theta) + -0.01235*(p_d*1/r) + 0.008983*(r*theta),wrong,19.966623,1.822701,0.28116,-0.27584,1.266572,0.39033
II.6.15b,II.6.15b,Feynman II.6.15b,kg*m/s^3/A,4,0.02,5888,250,0.9575,True,230,6,0.003447,0.680411,0.0,p_d/(4*pi*epsilon)*3*cos(theta)*sin(theta)/r**3,0.4969*(Abs(r)**(-1/2)*exp(-(theta)**2)) + -0.04999*(1/epsilon*1/r) + -0.02808*(r*1/theta) + -0.01235*(p_d*1/r) + -0.01228*(1/r*theta) + 0.008979*(r*theta),wrong,19.947537,1.825031,0.281166,-0.275589,1.266323,0.354392
II.8.7,II.8.7,Feynman II.8.7,kg*m^2/s^2,3,0.0,124,124,0.0,False,123,1,0.0,1.0,0.0,3/5*q**2/(4*pi*epsilon*d),0.04775*(1/d*1/epsilon*q**(2)),exact,0.0,1.0,0.0,1.0,0.0,0.060031
II.8.7,II.8.7,Feynman II.8.7,kg*m^2/s^2,3,0.01,124,124,0.0,False,123,1,1.6e-05,0.99992,0.0,3/5*q**2/(4*pi*epsilon*d),0.04774*(1/d*1/epsilon*q**(2)),up_to_constant,6.5e-05,0.999935,0.0,1.0,0.0,0.066422
II.8.7,II.8.7,Feynman II.8.7,kg*m^2/s^2,3,0.02,124,124,0.0,False,123,1,6.3e-05,0.999678,0.0,3/5*q**2/(4*pi*epsilon*d),0.04774*(1/d*1/epsilon*q**(2)),up_to_constant,0.000129,0.999871,0.0,1.0,0.0,0.065262
II.8.31,II.8.31,Feynman II.8.31,kg/m/s^2,2,0.0,40,40,0.0,False,39,1,0.0,1.0,0.0,epsilon*Ef**2/2,0.5*(Ef**(2)*epsilon),exact,0.0,1.0,0.0,1.0,0.0,0.064091
II.8.31,II.8.31,Feynman II.8.31,kg/m/s^2,2,0.01,40,40,0.0,False,39,1,0.731551,0.99992,0.0,epsilon*Ef**2/2,0.5002*(Ef**(2)*epsilon),up_to_constant,0.000379,1.000379,0.0,1.0,0.0,0.060265
II.8.31,II.8.31,Feynman II.8.31,kg/m/s^2,2,0.02,40,40,0.0,False,39,1,2.926205,0.999681,0.0,epsilon*Ef**2/2,0.5004*(Ef**(2)*epsilon),up_to_constant,0.000758,1.000758,1e-06,0.999999,1e-06,0.065817
II.10.9,II.10.9,Feynman II.10.9,kg*m/s^3/A,3,0.0,1984,250,0.874,True,204,10,0.030173,0.991551,0.0,sigma_den/epsilon*1/(1+chi),1.928*(Abs(epsilon)**(-1/2)*exp(-(chi))) + -1.001*(1/sigma_den*exp(-(chi)**2)) + 0.2679*(1/epsilon*sigma_den) + -0.1126*(1/sigma_den*sin(chi)) + -0.02675*(Abs(chi)**(-1/2)*sigma_den) + 0.01182*(chi*cos(chi)) + 0.008439*(epsilon*1/sigma_den) + 0.007116*(Abs(chi)**(-1/2)*sigma_den**(2)) + -0.003482*(chi*sigma_den) + -0.002848*(1/epsilon*exp(chi)),approx,0.561426,0.998854,0.00274,0.593458,0.19121,0.19223
II.10.9,II.10.9,Feynman II.10.9,kg*m/s^3/A,3,0.01,1984,250,0.874,True,204,10,0.029409,0.991574,0.0,sigma_den/epsilon*1/(1+chi),1.93*(Abs(epsilon)**(-1/2)*exp(-(chi))) + -1.005*(1/sigma_den*exp(-(chi)**2)) + 0.2674*(1/epsilon*sigma_den) + -0.1124*(1/sigma_den*sin(chi)) + -0.02552*(Abs(chi)**(-1/2)*sigma_den) + 0.01179*(chi*cos(chi)) + 0.007877*(epsilon*1/sigma_den) + 0.006865*(Abs(chi)**(-1/2)*sigma_den**(2)) + -0.003416*(chi*sigma_den) + -0.002852*(1/epsilon*exp(chi)),approx,0.546253,0.998495,0.002741,0.591721,0.192027,0.151577
II.10.9,II.10.9,Feynman II.10.9,kg*m/s^3/A,3,0.02,1984,250,0.874,True,204,10,0.028935,0.991445,0.0,sigma_den/epsilon*1/(1+chi),1.933*(Abs(epsilon)**(-1/2)*exp(-(chi))) + -1.01*(1/sigma_den*exp(-(chi)**2)) + 0.2669*(1/epsilon*sigma_den) + -0.1123*(1/sigma_den*sin(chi)) + -0.02429*(Abs(chi)**(-1/2)*sigma_den) + 0.01175*(chi*cos(chi)) + 0.007315*(epsilon*1/sigma_den) + 0.006614*(Abs(chi)**(-1/2)*sigma_den**(2)) + -0.00335*(chi*sigma_den) + -0.002856*(1/epsilon*exp(chi)),approx,0.53108,0.998136,0.002745,0.58996,0.192855,0.152624
II.11.3,II.11.3,Feynman II.11.3,m,5,0.0,15376,250,0.9837,True,244,9,0.042434,0.943409,0.0,q*Ef/(m*(omega_0**2-omega**2)),2.958*(Abs(m)**(-1/2)*exp(-(omega_0/omega)**2)) + 1.263*(1/omega_0*sqrt(Abs(q))) + -0.6867*(sqrt(Abs(Ef))*Abs(m)**(-1/2)) + 0.4187*(Ef*1/m) + -0.37*(Abs(m)**(-1/2)*1/omega_0) + 0.1469*(1/Ef*1/q) + 0.1428*(sqrt(Abs(Ef))*1/omega_0) + -0.09397*(1/Ef*m) + -0.0699*(Abs(Ef)**(-1/2)*cos(omega_0/omega)),wrong,1.311212,0.95896,0.019315,-0.049311,1.049056,0.953586
II.11.3,II.11.3,Feynman II.11.3,m,5,0.01,15376,250,0.9837,True,244,9,0.043354,0.942979,0.0,q*Ef/(m*(omega_0**2-omega**2)),2.966*(Abs(m)**(-1/2)*exp(-(omega_0/omega)**2)) + 1.268*(1/omega_0*sqrt(Abs(q))) + -0.6857*(sqrt(Abs(Ef))*Abs(m)**(-1/2)) + 0.4184*(Ef*1/m) + -0.3752*(Abs(m)**(-1/2)*1/omega_0) + 0.1481*(1/Ef*1/q) + 0.1404*(sqrt(Abs(Ef))*1/omega_0) + -0.09421*(1/Ef*m) + -0.06893*(Abs(Ef)**(-1/2)*cos(omega_0/omega)),wrong,1.306646,0.958387,0.019316,-0.049403,1.049147,0.955806
II.11.3,II.11.3,Feynman II.11.3,m,5,0.02,15376,250,0.9837,True,244,9,0.044393,0.942408,0.0,q*Ef/(m*(omega_0**2-omega**2)),2.974*(Abs(m)**(-1/2)*exp(-(omega_0/omega)**2)) + 1.272*(1/omega_0*sqrt(Abs(q))) + -0.6847*(sqrt(Abs(Ef))*Abs(m)**(-1/2)) + 0.4181*(Ef*1/m) + -0.3804*(Abs(m)**(-1/2)*1/omega_0) + 0.1492*(1/Ef*1/q) + 0.138*(sqrt(Abs(Ef))*1/omega_0) + -0.09445*(1/Ef*m) + -0.06795*(Abs(Ef)**(-1/2)*cos(omega_0/omega)),wrong,1.30208,0.957814,0.01932,-0.049494,1.049238,0.977914
II.11.17,II.11.17,Feynman II.11.17,1/m^3,6,0.0,6688,250,0.9626,True,246,6,31.683048,0.723192,0.0,n_0*(1+p_d*Ef*cos(theta)/(kb*T)),4.473*(sqrt(Abs(T))*1/theta) + -0.7288*(sqrt(Abs(Ef))*1/n_0) + -0.7181*(Abs(kb)**(-1/2)*theta) + -0.4109*(Abs(kb)**(-1/2)*p_d) + -0.2637*(sqrt(Abs(Ef))*sqrt(Abs(p_d))) + 0.248*(Abs(T)**(-1/2)*theta),wrong,8.539292,0.859474,0.187422,0.328317,0.645282,0.337128
II.11.17,II.11.17,Feynman II.11.17,1/m^3,6,0.01,6688,250,0.9626,True,246,6,31.875518,0.722181,0.0,n_0*(1+p_d*Ef*cos(theta)/(kb*T)),4.477*(sqrt(Abs(T))*1/theta) + -0.7359*(sqrt(Abs(Ef))*1/n_0) + -0.7209*(Abs(kb)**(-1/2)*theta) + -0.4076*(Abs(kb)**(-1/2)*p_d) + -0.2639*(sqrt(Abs(Ef))*sqrt(Abs(p_d))) + 0.2494*(Abs(T)**(-1/2)*theta),wrong,8.655412,0.863791,0.187424,0.328141,0.645451,0.421514
II.11.17,II.11.17,Feynman II.11.17,1/m^3,6,0.02,6688,250,0.9626,True,246,6,32.083408,0.721068,0.0,n_0*(1+p_d*Ef*cos(theta)/(kb*T)),4.481*(sqrt(Abs(T))*1/theta) + -0.743*(sqrt(Abs(Ef))*1/n_0) + -0.7237*(Abs(kb)**(-1/2)*theta) + -0.4044*(Abs(kb)**(-1/2)*p_d) + -0.2642*(sqrt(Abs(Ef))*sqrt(Abs(p_d))) + 0.2507*(Abs(T)**(-1/2)*theta),wrong,8.771532,0.868108,0.18743,0.327961,0.645623,0.342561
II.11.20,II.11.20,Feynman II.11.20,s*A/m^2,5,0.0,961,250,0.7399,True,249,10,461.766276,0.897619,0.0,n_rho*p_d**2*Ef/(3*kb*T),-4.325*(1/T*n_rho) + -3.16*(Abs(T)**(-1/2)*Abs(kb)**(-1/2)) + 2.96*(T*1/p_d) + 1.809*(1/T*n_rho**(2)) + -1.763*(sqrt(Abs(T))*sqrt(Abs(kb))) + 1.203*(Abs(kb)**(-1/2)*p_d**(2)) + 1.03*(Ef**(2)*1/T) + -0.6065*(Ef**(2)*1/p_d) + -0.4979*(1/Ef*n_rho**(2)) + -0.4099*(1/n_rho*p_d**(2)),wrong,12.817353,0.838216,0.064391,0.750323,0.194763,0.169899
II.11.20,II.11.20,Feynman II.11.20,s*A/m^2,5,0.01,961,250,0.7399,True,249,10,461.277125,0.886041,0.0,n_rho*p_d**2*Ef/(3*kb*T),-8.045*(Abs(T)**(-1/2)*Abs(kb)**(-1/2)) + 3.949*(T*1/p_d) + -3.715*(sqrt(Abs(T))*sqrt(Abs(kb))) + -3.433*(1/T*n_rho) + 1.389*(kb*1/n_rho) + 1.373*(1/T*n_rho**(2)) + 1.067*(Abs(kb)**(-1/2)*p_d**(2)) + 1.024*(Ef**(2)*1/T) + -0.6204*(Ef**(2)*1/p_d) + 0.2721*(Ef*n_rho),wrong,18.284367,0.961696,0.071664,0.724248,0.215103,0.138499
II.11.20,II.11.20,Feynman II.11.20,s*A/m^2,5,0.02,961,250,0.7399,True,249,10,461.190723,0.885889,0.0,n_rho*p_d**2*Ef/(3*kb*T),-8.09*(Abs(T)**(-1/2)*Abs(kb)**(-1/2)) + 3.953*(T*1/p_d) + -3.728*(sqrt(Abs(T))*sqrt(Abs(kb))) + -3.365*(1/T*n_rho) + 1.395*(kb*1/n_rho) + 1.357*(1/T*n_rho**(2)) + 1.069*(Abs(kb)**(-1/2)*p_d**(2)) + 1.015*(Ef**(2)*1/T) + -0.6203*(Ef**(2)*1/p_d) + 0.2778*(Ef*n_rho),wrong,18.184336,0.95763,0.071673,0.723132,0.215974,0.154904
II.11.27,II.11.27,Feynman II.11.27,s*A/m^2,4,0.0,368,250,0.3207,True,249,6,0.49555,0.983715,0.0,n*alpha/(1-(n*alpha/3))*epsilon*Ef,2.238*(alpha*epsilon*n) + -1.226*(1/Ef*n) + -0.4944*(1/Ef*sqrt(Abs(epsilon))) + 0.4231*(1/Ef) + 0.2285*(Ef**(2)*n**(2)) + 0.2232*(Abs(Ef)**(-1/2)),approx,7.90671,0.937638,0.008539,0.883231,0.075758,0.137143
II.11.27,II.11.27,Feynman II.11.27,s*A/m^2,4,0.01,368,250,0.3207,True,249,6,0.487238,0.983692,0.0,n*alpha/(1-(n*alpha/3))*epsilon*Ef,2.239*(alpha*epsilon*n) + -1.216*(1/Ef*n) + -0.4984*(1/Ef*sqrt(Abs(epsilon))) + 0.4199*(1/Ef) + 0.2278*(Abs(Ef)**(-1/2)) + 0.2261*(Ef**(2)*n**(2)),approx,7.955412,0.929617,0.008542,0.882834,0.076015,0.096012
II.11.27,II.11.27,Feynman II.11.27,s*A/m^2,4,0.02,368,250,0.3207,True,249,6,0.48408,0.983517,0.0,n*alpha/(1-(n*alpha/3))*epsilon*Ef,2.24*(alpha*epsilon*n) + -1.206*(1/Ef*n) + -0.5024*(1/Ef*sqrt(Abs(epsilon))) + 0.4167*(1/Ef) + 0.2323*(Abs(Ef)**(-1/2)) + 0.2236*(Ef**(2)*n**(2)),approx,8.004113,0.921597,0.008548,0.882429,0.076278,0.092782
II.11.28,II.11.28,Feynman II.11.28,1,2,0.0,40,40,0.0,False,39,5,0.00579,0.999934,1.015646,1+n*alpha/(1-(n*alpha/3)),0.8904*(alpha*n) + 0.5807*(alpha**(2)*n**(2)) + -0.00236*(Abs(alpha)**(-1/2)) + -0.001941*(sqrt(Abs(alpha))*Abs(n)**(-1/2)) + 1.016,up_to_constant,0.014332,0.999734,6e-06,0.995118,0.000719,0.067222
II.11.28,II.11.28,Feynman II.11.28,1,2,0.01,40,40,0.0,False,39,5,0.002561,0.999864,1.011341,1+n*alpha/(1-(n*alpha/3)),0.9039*(alpha*n) + 0.5691*(alpha**(2)*n**(2)) + -0.00174*(sqrt(Abs(alpha))*Abs(n)**(-1/2)) + -0.001227*(Abs(alpha)**(-1/2)) + 1.011,up_to_constant,0.004884,0.999947,5e-06,0.994781,0.000769,0.067894
II.11.28,II.11.28,Feynman II.11.28,1,2,0.02,40,40,0.0,False,39,5,0.004639,0.999645,1.01027,1+n*alpha/(1-(n*alpha/3)),0.9113*(alpha*n) + 0.5621*(alpha**(2)*n**(2)) + -0.00188*(sqrt(Abs(alpha))*Abs(n)**(-1/2)) + -0.001134*(Abs(alpha)**(-1/2)) + 1.01,up_to_constant,0.006173,0.999893,6e-06,0.994559,0.000802,0.065973
II.13.17,II.13.17,Feynman II.13.17,kg/s^2/A,4,0.0,368,250,0.3207,True,249,7,0.001527,0.967163,0.0,1/(4*pi*epsilon*c**2)*2*I/r,0.3119*(1/c*1/epsilon*1/r) + -0.06867*(1/c*1/r) + 0.02558*(I*1/c*1/epsilon) + -0.02241*(sqrt(Abs(c))*Abs(epsilon)**(-1/2)) + 0.02211*(I*1/c*1/r) + 0.0002664*(1/I*c**(2)*epsilon),wrong,9.650527,-0.468843,0.044055,0.913549,0.072855,0.133466
II.13.17,II.13.17,Feynman II.13.17,kg/s^2/A,4,0.01,368,250,0.3207,True,249,7,0.001506,0.966798,0.0,1/(4*pi*epsilon*c**2)*2*I/r,0.3112*(1/c*1/epsilon*1/r) + -0.068*(1/c*1/r) + 0.0256*(I*1/c*1/epsilon) + -0.02245*(sqrt(Abs(c))*Abs(epsilon)**(-1/2)) + 0.02205*(I*1/c*1/r) + 0.0002669*(1/I*c**(2)*epsilon),wrong,9.667878,-0.469535,0.044156,0.913547,0.072857,0.129467
II.13.17,II.13.17,Feynman II.13.17,kg/s^2/A,4,0.02,368,250,0.3207,True,249,7,0.00149,0.966281,0.0,1/(4*pi*epsilon*c**2)*2*I/r,0.3105*(1/c*1/epsilon*1/r) + -0.06734*(1/c*1/r) + 0.02562*(I*1/c*1/epsilon) + -0.0225*(sqrt(Abs(c))*Abs(epsilon)**(-1/2)) + 0.022*(I*1/c*1/r) + 0.0002674*(1/I*c**(2)*epsilon),wrong,9.685229,-0.470228,0.044259,0.913542,0.072861,0.100742
II.13.23,II.13.23,Feynman II.13.23,s*A/m^3,3,0.0,1984,250,0.874,True,230,10,0.000812,0.999981,0.0,rho_c_0/sqrt(1-v**2/c**2),2.179*(sqrt(Abs(rho_c_0))*(v/c)**3) + -1.527*(1/rho_c_0*(v/c)**3) + 0.9519*(rho_c_0) + 0.1121*(c*tanh(v/c)) + -0.02939*(Abs(rho_c_0)**(-1/2)*v**(2)) + 0.02126*(Abs(c)**(-1/2)*rho_c_0**(2)) + -0.009875*(sqrt(Abs(c))*1/rho_c_0) + -0.002582*(c*v) + 0.002524*(sqrt(Abs(rho_c_0))*v**(2)),up_to_constant,0.021257,0.997445,9e-06,0.997187,0.000553,0.180586
II.13.23,II.13.23,Feynman II.13.23,s*A/m^3,3,0.01,1984,250,0.874,True,230,10,0.008635,0.999909,0.0,rho_c_0/sqrt(1-v**2/c**2),2.146*(sqrt(Abs(rho_c_0))*(v/c)**3) + -1.6*(1/rho_c_0*(v/c)**3) + 1.046*(rho_c_0) + 0.02588*(1/rho_c_0**(2)) + -0.02029*(sqrt(Abs(rho_c_0))*1/v) + -0.009323*(rho_c_0*1/(v/c)) + 0.004681*(Abs(c)**(-1/2)*rho_c_0**(2)) + 0.001305*(sqrt(Abs(rho_c_0))*1/(v/c)**2) + -0.0006154*(1/rho_c_0*1/(v/c)**2) + -0.0002212*(c**(2)*Abs(rho_c_0)**(-1/2)),up_to_constant,0.016801,0.999884,2e-06,0.99681,0.000627,0.15694
II.13.23,II.13.23,Feynman II.13.23,s*A/m^3,3,0.02,1984,250,0.874,True,230,2,0.027894,0.999221,0.0,rho_c_0/sqrt(1-v**2/c**2),2.242*(sqrt(Abs(rho_c_0))*(v/c)**3) + 1.013*(rho_c_0),up_to_constant,0.082501,1.004714,5.6e-05,0.997328,0.000525,0.147872
II.13.34,II.13.34,Feynman II.13.34,A/m^2,3,0.0,1984,250,0.874,True,230,10,0.011749,0.999962,0.0,rho_c_0*v/sqrt(1-v**2/c**2),4.87*(sqrt(Abs(rho_c_0))*(v/c)**3) + -3.116*(1/c**(2)) + -2.424*(1/rho_c_0*(v/c)**3) + 1.022*(rho_c_0*v) + 0.6572*(1/c*1/v) + -0.07399*(sqrt(Abs(rho_c_0))*v) + 0.03798*(1/rho_c_0**(2)) + 0.03603*(sqrt(Abs(rho_c_0))*v**(2)),up_to_constant,0.037998,1.005912,3.4e-05,0.994716,0.001584,0.159927
II.13.34,II.13.34,Feynman II.13.34,A/m^2,3,0.01,1984,250,0.874,True,230,10,0.029344,0.999895,0.0,rho_c_0*v/sqrt(1-v**2/c**2),4.484*(sqrt(Abs(rho_c_0))*(v/c)**3) + -3.536*(1/rho_c_0*(v/c)**3) + 1.057*(rho_c_0*v) + -0.3364*(1/c*1/v) + -0.09714*(sqrt(Abs(rho_c_0))*v) + 0.05462*(1/rho_c_0*1/v) + 0.0446*(v**(2)) + -0.003356*(rho_c_0**(2)*Abs(v)**(-1/2)) + 0.001298*(1/v*1/(v/c)**2),up_to_constant,0.072399,1.010396,9e-05,0.992566,0.002229,0.173249
II.13.34,II.13.34,Feynman II.13.34,A/m^2,3,0.02,1984,250,0.874,True,230,8,0.091856,0.999674,0.0,rho_c_0*v/sqrt(1-v**2/c**2),4.487*(sqrt(Abs(rho_c_0))*(v/c)**3) + -3.516*(1/rho_c_0*(v/c)**3) + 1.015*(rho_c_0*v) + -0.4558*(Abs(c)**(-1/2)*1/v) + 0.1448*(1/rho_c_0*1/v) + 0.03721*(sqrt(Abs(rho_c_0))*v) + 0.001191*(1/v*1/(v/c)**2),up_to_constant,0.080277,1.012521,0.000132,0.992337,0.002298,0.16093
II.15.4,II.15.4,Feynman II.15.4,kg*m^2/s^2,3,0.0,1984,250,0.874,True,218,10,29.019107,0.987343,0.0,-mom*B*cos(theta),11.31*(1/mom*cos(theta)) + 8.516*(1/B*1/mom) + -3.336*(B*cos(theta)) + -2.613*(1/B**(2)) + -1.533*(mom*cos(theta)) + -1.217*(mom*tanh(theta)) + -0.4645*(B*1/mom) + 0.1353*(sqrt(Abs(B))*mom**(2)) + 0.07636*(mom*sin(theta)) + 0.02837*(1/B*exp(theta)),approx,12.453672,1.065282,0.008416,0.79127,0.207224,0.152543
II.15.4,II.15.4,Feynman II.15.4,kg*m^2/s^2,3,0.01,1984,250,0.874,True,218,10,29.540611,0.987178,0.0,-mom*B*cos(theta),11.09*(1/mom*cos(theta)) + 8.549*(1/B*1/mom) + -3.331*(B*cos(theta)) + -2.652*(1/B**(2)) + -1.509*(mom*cos(theta)) + -1.198*(mom*tanh(theta)) + 0.5943*(1/mom*sin(theta)) + -0.5063*(B*1/mom) + 0.1351*(sqrt(Abs(B))*mom**(2)) + 0.02768*(1/B*exp(theta)),approx,13.100018,0.990595,0.008429,0.794524,0.203993,0.174874
II.15.4,II.15.4,Feynman II.15.4,kg*m^2/s^2,3,0.02,1984,250,0.874,True,218,10,49.651109,0.986875,0.0,-mom*B*cos(theta),11.11*(1/mom*cos(theta)) + 8.626*(1/B*1/mom) + -3.336*(B*cos(theta)) + -2.702*(1/B**(2)) + -1.505*(mom*cos(theta)) + -1.188*(mom*tanh(theta)) + 0.5924*(1/mom*sin(theta)) + -0.5191*(B*1/mom) + 0.1346*(sqrt(Abs(B))*mom**(2)) + 0.02745*(1/B*exp(theta)),approx,13.123876,0.9883,0.008432,0.795288,0.203235,0.198849
II.15.5,II.15.5,Feynman II.15.5,kg*m^2/s^2,3,0.0,1984,250,0.874,True,218,10,29.019107,0.987343,0.0,-p_d*Ef*cos(theta),11.31*(1/p_d*cos(theta)) + 8.516*(1/Ef*1/p_d) + -3.336*(Ef*cos(theta)) + -2.613*(1/Ef**(2)) + -1.533*(p_d*cos(theta)) + -1.217*(p_d*tanh(theta)) + -0.4645*(Ef*1/p_d) + 0.1353*(sqrt(Abs(Ef))*p_d**(2)) + 0.07636*(p_d*sin(theta)) + 0.02837*(1/Ef*exp(theta)),approx,12.453672,1.065282,0.008416,0.79127,0.207224,0.195653
II.15.5,II.15.5,Feynman II.15.5,kg*m^2/s^2,3,0.01,1984,250,0.874,True,218,10,29.540611,0.987178,0.0,-p_d*Ef*cos(theta),11.09*(1/p_d*cos(theta)) + 8.549*(1/Ef*1/p_d) + -3.331*(Ef*cos(theta)) + -2.652*(1/Ef**(2)) + -1.509*(p_d*cos(theta)) + -1.198*(p_d*tanh(theta)) + 0.5943*(1/p_d*sin(theta)) + -0.5063*(Ef*1/p_d) + 0.1351*(sqrt(Abs(Ef))*p_d**(2)) + 0.02768*(1/Ef*exp(theta)),approx,13.100018,0.990595,0.008429,0.794524,0.203993,0.191894
II.15.5,II.15.5,Feynman II.15.5,kg*m^2/s^2,3,0.02,1984,250,0.874,True,218,10,49.651109,0.986875,0.0,-p_d*Ef*cos(theta),11.11*(1/p_d*cos(theta)) + 8.626*(1/Ef*1/p_d) + -3.336*(Ef*cos(theta)) + -2.702*(1/Ef**(2)) + -1.505*(p_d*cos(theta)) + -1.188*(p_d*tanh(theta)) + 0.5924*(1/p_d*sin(theta)) + -0.5191*(Ef*1/p_d) + 0.1346*(sqrt(Abs(Ef))*p_d**(2)) + 0.02745*(1/Ef*exp(theta)),approx,13.123876,0.9883,0.008432,0.795288,0.203235,0.249433
II.21.32,II.21.32,Feynman II.21.32,kg*m^2/s^3/A,5,0.0,15376,250,0.9837,True,244,10,0.00141,0.964602,0.0,q/(4*pi*epsilon*r*(1-v/c)),0.3729*(Abs(epsilon)**(-1/2)*1/r) + -0.2618*(1/r*sqrt(Abs(v))) + 0.08048*(Abs(r)**(-1/2)*v) + 0.06556*(Abs(c)**(-1/2)*log(Abs(v/c))) + -0.04323*(1/epsilon*1/q) + 0.04028*(q*1/r) + -0.02719*(Abs(c)**(-1/2)*v) + 0.0207*(1/epsilon*q) + 0.01103*(epsilon*1/q) + -0.0006815*(c*q),wrong,0.883745,0.982368,0.014097,0.885923,0.061583,1.001493
II.21.32,II.21.32,Feynman II.21.32,kg*m^2/s^3/A,5,0.01,15376,250,0.9837,True,244,10,0.001418,0.96421,0.0,q/(4*pi*epsilon*r*(1-v/c)),0.3728*(Abs(epsilon)**(-1/2)*1/r) + -0.261*(1/r*sqrt(Abs(v))) + 0.07985*(Abs(r)**(-1/2)*v) + 0.06556*(Abs(c)**(-1/2)*log(Abs(v/c))) + -0.04306*(1/epsilon*1/q) + 0.04017*(q*1/r) + -0.02676*(Abs(c)**(-1/2)*v) + 0.02061*(1/epsilon*q) + 0.01094*(epsilon*1/q) + -0.0006703*(c*q),wrong,0.887625,0.982053,0.014099,0.886545,0.061247,0.959691
II.21.32,II.21.32,Feynman II.21.32,kg*m^2/s^3/A,5,0.02,15376,250,0.9837,True,244,7,0.002066,0.939905,0.0,q/(4*pi*epsilon*r*(1-v/c)),0.2697*(Abs(epsilon)**(-1/2)*1/r) + -0.1255*(1/r*sqrt(Abs(v))) + 0.06991*(Abs(c)**(-1/2)*log(Abs(v/c))) + 0.02849*(q*1/r) + 0.01911*(Abs(c)**(-1/2)*v) + 0.01873*(Abs(r)**(-1/2)*v) + 0.01779*(1/epsilon*q),wrong,2.271262,0.927757,0.023917,0.865878,0.072404,0.930284
II.24.17,II.24.17,Feynman II.24.17,1/m,3,0.0,124,124,0.0,False,123,10,0.001024,0.999975,0.0,sqrt(omega**2/c**2-pi**2/d**2),-3.575*(c*1/d*1/omega) + -3.444*(1/omega**(2)) + 1.191*(sqrt(Abs(d))*1/omega) + 0.9766*(1/c*omega) + 0.04975*(Abs(c)**(-1/2)*1/d) + 0.03838*(c**(2)*d*1/omega) + -0.006624*(1/c*d**(2)) + -0.00291*(d**(3)),up_to_constant,0.031104,0.983783,0.000309,0.994162,0.001227,0.096798
II.24.17,II.24.17,Feynman II.24.17,1/m,3,0.01,124,124,0.0,False,123,10,0.00514,0.999896,0.0,sqrt(omega**2/c**2-pi**2/d**2),-3.924*(c*1/d*1/omega) + -3.573*(1/omega**(2)) + 1.267*(sqrt(Abs(d))*1/omega) + 0.9955*(1/c*omega) + 0.2112*(c**(2)*1/omega) + -0.04055*(Abs(c)**(-1/2)*1/d) + -0.0254*(c*d**(2)*1/omega) + -0.01097*(1/c*d**(2)) + -0.0007225*(c**(2)*1/d*omega**(2)),up_to_constant,0.008634,0.996475,1.4e-05,0.998554,0.000304,0.065343
II.24.17,II.24.17,Feynman II.24.17,1/m,3,0.02,124,124,0.0,False,123,7,0.013066,0.999559,0.0,sqrt(omega**2/c**2-pi**2/d**2),-2.779*(c*1/d*1/omega) + 1.069*(1/c*omega) + -0.4476*(Abs(c)**(-1/2)*1/d) + 0.0487*(Abs(d)**(-1/2)*omega) + -0.01977*(1/c*1/d*omega**(2)) + 0.01776*(c*d**(2)*1/omega) + -0.0005218*(1/c*d**(2)*omega**(2)),up_to_constant,0.012205,1.000019,8e-06,0.998166,0.000385,0.06794
II.27.16,II.27.16,Feynman II.27.16,kg/s^3,3,0.0,124,124,0.0,False,123,1,0.0,1.0,0.0,epsilon*c*Ef**2,1*(Ef**(2)*c*epsilon),exact,0.0,1.0,0.0,1.0,0.0,0.062829
II.27.16,II.27.16,Feynman II.27.16,kg/s^3,3,0.01,124,124,0.0,False,123,1,37.278352,0.99992,0.0,epsilon*c*Ef**2,1*(Ef**(2)*c*epsilon),up_to_constant,0.000453,1.000453,0.0,1.0,0.0,0.070435
II.27.16,II.27.16,Feynman II.27.16,kg/s^3,3,0.02,124,124,0.0,False,123,1,149.113407,0.999681,0.0,epsilon*c*Ef**2,1.001*(Ef**(2)*c*epsilon),up_to_constant,0.000907,1.000907,1e-06,0.999999,1e-06,0.061662
II.27.18,II.27.18,Feynman II.27.18,kg/m/s^2,2,0.0,40,40,0.0,False,39,1,0.0,1.0,0.0,epsilon*Ef**2,1*(Ef**(2)*epsilon),exact,0.0,1.0,0.0,1.0,0.0,0.083788
II.27.18,II.27.18,Feynman II.27.18,kg/m/s^2,2,0.01,40,40,0.0,False,39,1,2.926205,0.99992,0.0,epsilon*Ef**2,1*(Ef**(2)*epsilon),up_to_constant,0.000379,1.000379,0.0,1.0,0.0,0.060825
II.27.18,II.27.18,Feynman II.27.18,kg/m/s^2,2,0.02,40,40,0.0,False,39,1,11.70482,0.999681,0.0,epsilon*Ef**2,1.001*(Ef**(2)*epsilon),up_to_constant,0.000758,1.000758,1e-06,0.999999,1e-06,0.071382
II.34.2a,II.34.2a,Feynman II.34.2a,A,3,0.0,124,124,0.0,False,123,1,0.0,1.0,0.0,q*v/(2*pi*r),0.1592*(q*1/r*v),exact,0.0,1.0,0.0,1.0,0.0,0.065737
II.34.2a,II.34.2a,Feynman II.34.2a,A,3,0.01,124,124,0.0,False,123,1,0.000708,0.99992,0.0,q*v/(2*pi*r),0.1592*(q*1/r*v),up_to_constant,0.000269,1.000269,0.0,1.0,0.0,0.065167
II.34.2a,II.34.2a,Feynman II.34.2a,A,3,0.02,124,124,0.0,False,123,1,0.002832,0.99968,0.0,q*v/(2*pi*r),0.1592*(q*1/r*v),up_to_constant,0.000538,1.000538,0.0,0.999999,0.0,0.068212
II.34.2,II.34.2,Feynman II.34.2,m^2*A,3,0.0,124,124,0.0,False,123,1,0.0,1.0,0.0,q*v*r/2,0.5*(q*r*v),exact,0.0,1.0,0.0,1.0,0.0,0.083152
II.34.2,II.34.2,Feynman II.34.2,m^2*A,3,0.01,124,124,0.0,False,123,1,0.431372,0.99992,0.0,q*v*r/2,0.5002*(q*r*v),up_to_constant,0.000384,1.000384,0.0,1.0,0.0,0.103812
II.34.2,II.34.2,Feynman II.34.2,m^2*A,3,0.02,124,124,0.0,False,123,1,1.725489,0.999681,0.0,q*v*r/2,0.5004*(q*r*v),up_to_constant,0.000768,1.000768,1e-06,0.999999,1e-06,0.126882
II.34.11,II.34.11,Feynman II.34.11,1/s,4,0.0,5888,250,0.9575,True,225,7,120.222921,0.91715,0.0,g_*q*B/(2*m),-6.302*(sqrt(Abs(B))*q) + 3.196*(g_*1/m) + 2.357*(B*q) + 1.721*(Abs(m)**(-1/2)*q) + 1.633*(B*1/m) + 0.6274*(q**(2)) + 0.01638*(sqrt(Abs(q))*exp(g_)),wrong,3.543774,0.952775,0.040294,0.561373,0.23832,0.456778
II.34.11,II.34.11,Feynman II.34.11,1/s,4,0.01,5888,250,0.9575,True,225,10,105.626869,0.958923,0.0,g_*q*B/(2*m),-23.67*(1/m*1/q) + 10.21*(1/B*1/g_) + 5.783*(g_*1/m) + 4.091*(B*1/m) + -3.164*(sqrt(Abs(B))*q) + -1.91*(Abs(m)**(-1/2)*q) + -1.232*(1/B*g_) + 1.167*(B*q) + 0.5261*(q**(2)) + 0.0159*(sqrt(Abs(q))*exp(g_)),wrong,5.890374,0.857235,0.019732,0.692813,0.166904,0.404585
II.34.11,II.34.11,Feynman II.34.11,1/s,4,0.02,5888,250,0.9575,True,225,10,107.421633,0.958274,0.0,g_*q*B/(2*m),-23.67*(1/m*1/q) + 10.24*(1/B*1/g_) + 5.834*(g_*1/m) + 4.071*(B*1/m) + -3.173*(sqrt(Abs(B))*q) + -1.938*(Abs(m)**(-1/2)*q) + -1.237*(1/B*g_) + 1.171*(B*q) + 0.5292*(q**(2)) + 0.01568*(sqrt(Abs(q))*exp(g_)),wrong,5.878046,0.856136,0.019742,0.696938,0.164663,0.411434
II.34.29a,II.34.29a,Feynman II.34.29a,m^2*A,3,0.0,124,124,0.0,False,123,1,0.0,1.0,0.0,q*h/(4*pi*m),0.07958*(h*1/m*q),exact,0.0,1.0,0.0,1.0,0.0,0.082029
II.34.29a,II.34.29a,Feynman II.34.29a,m^2*A,3,0.01,124,124,0.0,False,123,1,0.000177,0.99992,0.0,q*h/(4*pi*m),0.0796*(h*1/m*q),up_to_constant,0.000269,1.000269,0.0,1.0,0.0,0.065221
II.34.29a,II.34.29a,Feynman II.34.29a,m^2*A,3,0.02,124,124,0.0,False,123,1,0.000708,0.99968,0.0,q*h/(4*pi*m),0.07962*(h*1/m*q),up_to_constant,0.000538,1.000538,0.0,0.999999,0.0,0.063792
II.34.29b,II.34.29b,Feynman II.34.29b,kg*m^2/s^2,5,0.0,29791,250,0.9916,True,242,10,1375470.749109,0.950002,0.0,g_*mom*B*Jz/(h/(2*pi)),-1353*(1/B*1/h) + 340.3*(g_*1/h) + 260*(Abs(B)**(-1/2)*sqrt(Abs(h/Jz))) + -203.9*(sqrt(Abs(B))*sqrt(Abs(Jz))) + 199.9*(1/g_*1/mom) + -118.8*(1/Jz*g_) + 29.24*(B*Jz) + 23.5*(1/(h/Jz)**2) + 15.27*(B*mom) + 10.94*(Jz*mom),wrong,9.733092,0.963474,0.025284,0.819622,0.11562,1.774157
II.34.29b,II.34.29b,Feynman II.34.29b,kg*m^2/s^2,5,0.01,29791,250,0.9916,True,242,10,1378203.839954,0.943242,0.0,g_*mom*B*Jz/(h/(2*pi)),-1354*(1/B*1/h) + 325.2*(1/B*1/g_) + 322.9*(g_*1/h) + -221.9*(sqrt(Abs(B))*sqrt(Abs(Jz))) + 54.76*(h*1/mom) + 30.49*(B*Jz) + 25.77*(1/(h/Jz)**2) + 17.72*(Jz*mom) + 12.38*(B*mom) + -1.774*(Abs(Jz)**(-1/2)*(g_)**3),wrong,7.508344,0.96848,0.028696,0.793531,0.132344,1.794441
II.34.29b,II.34.29b,Feynman II.34.29b,kg*m^2/s^2,5,0.02,29791,250,0.9916,True,242,10,1381258.111809,0.943081,0.0,g_*mom*B*Jz/(h/(2*pi)),-1352*(1/B*1/h) + 322.9*(1/B*1/g_) + 322.8*(g_*1/h) + -222*(sqrt(Abs(B))*sqrt(Abs(Jz))) + 54.89*(h*1/mom) + 30.57*(B*Jz) + 25.73*(1/(h/Jz)**2) + 17.69*(Jz*mom) + 12.37*(B*mom) + -1.777*(Abs(Jz)**(-1/2)*(g_)**3),wrong,7.342515,0.966818,0.0287,0.793732,0.132215,1.761883
II.35.18,II.35.18,Feynman II.35.18,1/m^3,5,0.0,961,250,0.7399,True,249,10,0.116734,0.971128,0.0,n_0/(exp(mom*B/(kb*T))+exp(-mom*B/(kb*T))),0.9054*(1/B*1/T) + 0.6377*(Abs(T)**(-1/2)*sqrt(Abs(kb))) + -0.3809*(1/T*kb) + -0.365*(1/T*mom) + -0.3008*(1/mom*1/n_0) + 0.1669*(B*sqrt(Abs(kb))) + 0.1056*(kb*n_0) + -0.07566*(kb*1/n_0) + -0.05613*(B**(2)*sqrt(Abs(mom))) + 0.03399*(T**(2)*Abs(kb)**(-1/2)),approx,7.866316,0.927177,0.006906,0.741897,0.093216,0.159492
II.35.18,II.35.18,Feynman II.35.18,1/m^3,5,0.01,961,250,0.7399,True,249,10,0.120742,0.971236,0.0,n_0/(exp(mom*B/(kb*T))+exp(-mom*B/(kb*T))),0.916*(1/B*1/T) + 0.6313*(Abs(T)**(-1/2)*sqrt(Abs(kb))) + -0.3806*(1/T*kb) + -0.3652*(1/T*mom) + -0.305*(1/mom*1/n_0) + 0.1712*(B*sqrt(Abs(kb))) + 0.1051*(kb*n_0) + -0.07697*(kb*1/n_0) + -0.05685*(B**(2)*sqrt(Abs(mom))) + 0.03396*(T**(2)*Abs(kb)**(-1/2)),approx,7.900832,0.926166,0.006908,0.739279,0.094162,0.134706
II.35.18,II.35.18,Feynman II.35.18,1/m^3,5,0.02,961,250,0.7399,True,249,10,0.125532,0.971203,0.0,n_0/(exp(mom*B/(kb*T))+exp(-mom*B/(kb*T))),0.9266*(1/B*1/T) + 0.6248*(Abs(T)**(-1/2)*sqrt(Abs(kb))) + -0.3802*(1/T*kb) + -0.3653*(1/T*mom) + -0.3093*(1/mom*1/n_0) + 0.1755*(B*sqrt(Abs(kb))) + 0.1047*(kb*n_0) + -0.07827*(kb*1/n_0) + -0.05757*(B**(2)*sqrt(Abs(mom))) + 0.03393*(T**(2)*Abs(kb)**(-1/2)),approx,7.935348,0.925155,0.006913,0.736611,0.095125,0.136397
II.35.21,II.35.21,Feynman II.35.21,A/m,5,0.0,961,250,0.7399,True,249,10,35.178857,0.98656,0.0,n_rho*mom*tanh(mom*B/(kb*T)),6.842*(1/B*1/n_rho) + -2.764*(1/B*kb) + 1.142*(kb*1/mom) + 1.103*(mom*n_rho) + 0.8392*(T*sqrt(Abs(n_rho))) + -0.4182*(T*n_rho) + -0.3197*(1/B*T**(2)) + -0.1647*(T*kb) + -0.1393*(B**(2)*1/mom) + 0.08874*(T*sqrt(Abs(mom))),approx,8.486584,0.936822,0.005326,0.910099,0.039692,0.135251
II.35.21,II.35.21,Feynman II.35.21,A/m,5,0.01,961,250,0.7399,True,249,7,35.245097,0.973911,0.0,n_rho*mom*tanh(mom*B/(kb*T)),2.132*(T*sqrt(Abs(n_rho))) + -1.234*(1/B*kb) + 1.092*(mom*n_rho) + -0.8951*(T*n_rho) + -0.3481*(1/B*T**(2)) + -0.2154*(T*kb) + -0.2075*(T*sqrt(Abs(mom))),wrong,18.647917,0.747896,0.010335,0.903936,0.042414,0.132077
II.35.21,II.35.21,Feynman II.35.21,A/m,5,0.02,961,250,0.7399,True,249,7,34.504931,0.973752,0.0,n_rho*mom*tanh(mom*B/(kb*T)),2.122*(T*sqrt(Abs(n_rho))) + -1.233*(1/B*kb) + 1.09*(mom*n_rho) + -0.8895*(T*n_rho) + -0.349*(1/B*T**(2)) + -0.2179*(T*kb) + -0.2*(T*sqrt(Abs(mom))),wrong,18.771869,0.745326,0.01034,0.903737,0.042502,0.132976
II.36.38,II.36.38,Feynman II.36.38,s^2*A^2/kg/m,8,0.0,12112,250,0.9794,True,249,9,4.257616,0.877216,0.0,mom*H/(kb*T)+(mom*alpha)/(epsilon*c**2*kb*T)*M,-18.66*(Abs(T)**(-1/2)*sqrt(Abs(mom))) + 12.8*(Abs(T)**(-1/2)*Abs(kb)**(-1/2)) + 8.527*(Abs(T)**(-1/2)*mom) + 3.11*(sqrt(Abs(M))*Abs(T)**(-1/2)) + 1.992*(1/c*Abs(epsilon)**(-1/2)) + -1.755*(Abs(kb)**(-1/2)*sqrt(Abs(mom))) + 1.441*(sqrt(Abs(H))*sqrt(Abs(alpha))) + -1.258*(sqrt(Abs(H))*Abs(kb)**(-1/2)) + -1.15*(sqrt(Abs(M))*sqrt(Abs(alpha))),wrong,1.484051,1.011686,0.041644,0.662427,0.179352,0.546668
II.36.38,II.36.38,Feynman II.36.38,s^2*A^2/kg/m,8,0.01,12112,250,0.9794,True,249,9,4.324776,0.877164,0.0,mom*H/(kb*T)+(mom*alpha)/(epsilon*c**2*kb*T)*M,-18.69*(Abs(T)**(-1/2)*sqrt(Abs(mom))) + 12.84*(Abs(T)**(-1/2)*Abs(kb)**(-1/2)) + 8.547*(Abs(T)**(-1/2)*mom) + 3.098*(sqrt(Abs(M))*Abs(T)**(-1/2)) + 1.995*(1/c*Abs(epsilon)**(-1/2)) + -1.779*(Abs(kb)**(-1/2)*sqrt(Abs(mom))) + 1.438*(sqrt(Abs(H))*sqrt(Abs(alpha))) + -1.252*(sqrt(Abs(H))*Abs(kb)**(-1/2)) + -1.14*(sqrt(Abs(M))*sqrt(Abs(alpha))),wrong,1.492542,1.011285,0.041645,0.662088,0.179532,0.581272
II.36.38,II.36.38,Feynman II.36.38,s^2*A^2/kg/m,8,0.02,12112,250,0.9794,True,249,4,4.423697,0.402052,0.0,mom*H/(kb*T)+(mom*alpha)/(epsilon*c**2*kb*T)*M,1.696*(Abs(T)**(-1/2)*Abs(kb)**(-1/2)) + 0.6406*(Abs(T)**(-1/2)*sqrt(Abs(mom))) + 0.3514*(Abs(kb)**(-1/2)*sqrt(Abs(mom))) + 0.0233*(sqrt(Abs(H))*Abs(kb)**(-1/2)),wrong,3.131713,1.555658,0.202558,0.270631,0.387512,0.549687
II.37.1,II.37.1,Feynman II.37.1,kg*m^2/s^2,3,0.0,1984,250,0.874,True,211,6,296.81775,0.991856,0.0,mom*(1+chi)*B,-33.31*(sqrt(Abs(mom))*exp(-(chi)**2)) + 19.2*(1/mom*sin(chi)) + -5.834*(B*sin(chi)) + 4.229*(B*mom) + 0.6389*(chi*cos(chi)) + 0.09021*(1/B*exp(chi)),approx,1.835915,1.000731,0.002717,0.914732,0.0358,0.145187
II.37.1,II.37.1,Feynman II.37.1,kg*m^2/s^2,3,0.01,1984,250,0.874,True,211,6,292.283307,0.991759,0.0,mom*(1+chi)*B,-33.29*(sqrt(Abs(mom))*exp(-(chi)**2)) + 19.26*(1/mom*sin(chi)) + -5.846*(B*sin(chi)) + 4.231*(B*mom) + 0.642*(chi*cos(chi)) + 0.08949*(1/B*exp(chi)),approx,1.839109,1.00071,0.002717,0.915128,0.035633,0.147625
II.37.1,II.37.1,Feynman II.37.1,kg*m^2/s^2,3,0.02,1984,250,0.874,True,211,6,293.62108,0.991505,0.0,mom*(1+chi)*B,-33.26*(sqrt(Abs(mom))*exp(-(chi)**2)) + 19.32*(1/mom*sin(chi)) + -5.858*(B*sin(chi)) + 4.233*(B*mom) + 0.6452*(chi*cos(chi)) + 0.08877*(1/B*exp(chi)),approx,1.842303,1.000688,0.002718,0.915521,0.035468,0.1719
II.38.3,II.38.3,Feynman II.38.3,kg*m/s^2,4,0.0,5888,250,0.9575,True,239,9,161.422818,0.974771,0.0,Y*A*x/d,-36.88*(1/Y*1/d) + -30.52*(Y*Abs(d)**(-1/2)) + 25.83*(Y*1/d) + 24.93*(1/A*1/x) + 7.324*(sqrt(Abs(A))*1/(d/x)) + 2.952*(Abs(d)**(-1/2)*sin(d/x)) + 2.443*(sqrt(Abs(A))*Y) + 0.7673*(Y**(2)) + 0.2431*(Y*x),wrong,2.440066,0.998657,0.013039,0.909914,0.051137,0.343739
II.38.3,II.38.3,Feynman II.38.3,kg*m/s^2,4,0.01,5888,250,0.9575,True,239,9,162.913346,0.974984,0.0,Y*A*x/d,-36.98*(1/Y*1/d) + -30.53*(Y*Abs(d)**(-1/2)) + 25.84*(Y*1/d) + 25.04*(1/A*1/x) + 7.324*(sqrt(Abs(A))*1/(d/x)) + 2.939*(Abs(d)**(-1/2)*sin(d/x)) + 2.452*(sqrt(Abs(A))*Y) + 0.7653*(Y**(2)) + 0.2411*(Y*x),wrong,2.467411,0.999697,0.01304,0.909899,0.051146,0.347233
II.38.3,II.38.3,Feynman II.38.3,kg*m/s^2,4,0.02,5888,250,0.9575,True,239,9,165.224898,0.975045,0.0,Y*A*x/d,-37.09*(1/Y*1/d) + -30.54*(Y*Abs(d)**(-1/2)) + 25.86*(Y*1/d) + 25.14*(1/A*1/x) + 7.324*(sqrt(Abs(A))*1/(d/x)) + 2.927*(Abs(d)**(-1/2)*sin(d/x)) + 2.461*(sqrt(Abs(A))*Y) + 0.7633*(Y**(2)) + 0.2392*(Y*x),wrong,2.494755,1.000737,0.013044,0.909881,0.051156,0.3687
II.38.14,II.38.14,Feynman II.38.14,kg/m/s^2,2,0.0,640,250,0.6094,True,201,10,0.000971,0.999904,0.0,Y/(2*(1+sigma)),-0.687*(1/Y*sqrt(Abs(sigma))*1/(1+(sigma)**2)) + 0.4261*(sqrt(Abs(Y))*Abs(sigma)**(-1/2)*tanh(sigma)) + 0.1699*(1/Y*Abs(sigma)**(-1/2)*exp(-(sigma)**2)) + 0.1276*(1/Y**(2)) + 0.09271*(1/sigma*cos(sigma)) + -0.05046*(Abs(Y)**(-1/2)*sqrt(Abs(sigma))*log(Abs(sigma))) + 0.03749*(sqrt(Abs(Y))*Abs(sigma)**(-1/2)*exp(-(sigma)**2)) + 0.02153*(Y**(2)*1/sigma) + -0.001949*(Y*cos(sigma)) + -0.0002787*(Y**(2)*sigma),up_to_constant,0.049449,0.999933,1.8e-05,0.996438,0.000969,0.090387
II.38.14,II.38.14,Feynman II.38.14,kg/m/s^2,2,0.01,640,250,0.6094,True,201,10,0.004043,0.99982,0.0,Y/(2*(1+sigma)),-0.672*(1/Y*sqrt(Abs(sigma))*1/(1+(sigma)**2)) + 0.425*(sqrt(Abs(Y))*Abs(sigma)**(-1/2)*tanh(sigma)) + 0.151*(1/Y*Abs(sigma)**(-1/2)*exp(-(sigma)**2)) + 0.1246*(1/Y**(2)) + 0.09487*(1/sigma*cos(sigma)) + -0.05024*(Abs(Y)**(-1/2)*sqrt(Abs(sigma))*log(Abs(sigma))) + 0.04078*(sqrt(Abs(Y))*Abs(sigma)**(-1/2)*exp(-(sigma)**2)) + 0.02149*(Y**(2)*1/sigma) + -0.002331*(Y*cos(sigma)) + -0.0002698*(Y**(2)*sigma),up_to_constant,0.042873,0.999759,1.8e-05,0.996538,0.000942,0.097291
II.38.14,II.38.14,Feynman II.38.14,kg/m/s^2,2,0.02,640,250,0.6094,True,201,10,0.002762,0.999583,0.0,Y/(2*(1+sigma)),-0.657*(1/Y*sqrt(Abs(sigma))*1/(1+(sigma)**2)) + 0.4238*(sqrt(Abs(Y))*Abs(sigma)**(-1/2)*tanh(sigma)) + 0.1321*(1/Y*Abs(sigma)**(-1/2)*exp(-(sigma)**2)) + 0.1216*(1/Y**(2)) + 0.09702*(1/sigma*cos(sigma)) + -0.05002*(Abs(Y)**(-1/2)*sqrt(Abs(sigma))*log(Abs(sigma))) + 0.04407*(sqrt(Abs(Y))*Abs(sigma)**(-1/2)*exp(-(sigma)**2)) + 0.02145*(Y**(2)*1/sigma) + -0.002712*(Y*cos(sigma)) + -0.000261*(Y**(2)*sigma),up_to_constant,0.038548,0.999585,2.1e-05,0.996612,0.000922,0.089437
III.4.32,III.4.32,Feynman III.4.32,1,4,0.0,368,250,0.3207,True,249,10,104.2648,0.995925,0.161362,1/(exp((h/(2*pi))*omega/(kb*T))-1),-15.6*(1/h*1/kb*1/omega) + 13.79*(1/h*kb*1/omega) + 1.843*(T**(2)*1/h*1/omega) + -1.65*(1/T*1/h*kb) + -0.8726*(1/T*kb**(2)*1/omega) + -0.1536*(T**(2)*Abs(omega)**(-1/2)) + 0.1384*(T*kb**(2)*1/omega) + 0.1066*(T**(2)*1/h*kb) + 0.05917*(1/T*omega**(2)) + -0.003436*(T**(2)*omega**(2)) + 0.1614,approx,1.17213,0.9899,0.002144,0.964876,0.029362,0.094253
III.4.32,III.4.32,Feynman III.4.32,1,4,0.01,368,250,0.3207,True,249,10,109.922229,0.995809,0.172635,1/(exp((h/(2*pi))*omega/(kb*T))-1),-15.63*(1/h*1/kb*1/omega) + 13.82*(1/h*kb*1/omega) + 1.843*(T**(2)*1/h*1/omega) + -1.735*(1/T*1/h*kb) + -0.8615*(1/T*kb**(2)*1/omega) + -0.1551*(T**(2)*Abs(omega)**(-1/2)) + 0.1375*(T*kb**(2)*1/omega) + 0.1073*(T**(2)*1/h*kb) + 0.0628*(1/T*omega**(2)) + -0.003471*(T**(2)*omega**(2)) + 0.1726,approx,1.273736,0.994648,0.002146,0.964988,0.029269,0.092763
III.4.32,III.4.32,Feynman III.4.32,1,4,0.02,368,250,0.3207,True,249,9,160.086505,0.993977,-1.504536,1/(exp((h/(2*pi))*omega/(kb*T))-1),13.71*(1/h*kb*1/omega) + -2.346*(1/T*1/h*kb) + 1.053*(T**(2)*1/h*1/omega) + -0.6176*(1/T*kb**(2)*1/omega) + 0.1635*(T**(2)*1/h*kb) + 0.1617*(1/T*omega**(2)) + 0.1352*(T*kb**(2)*1/omega) + -0.004685*(T**(2)*omega**(2)) + -0.001531*(T**(2)*Abs(omega)**(-1/2)) + -1.505,approx,1.222945,1.00054,0.002967,0.948749,0.042844,0.088216
III.4.33,III.4.33,Feynman III.4.33,kg*m^2/s^2,4,0.0,368,250,0.3207,True,249,9,0.241265,0.999995,0.0,(h/(2*pi))*omega/(exp((h/(2*pi))*omega/(kb*T))-1),1*(T*kb) + -0.1543*(1/T*Abs(omega)**(-1/2)) + -0.07891*(h*omega) + 0.02522*(1/h*kb*1/omega) + 0.01822*(1/T*h**(2)*1/kb) + 0.01024*(1/T*1/kb*omega**(2)) + 0.001687*(1/T*h*omega**(2)) + -0.0006581*(1/h*kb*omega**(2)) + -0.0002539*(T*h**(2)*1/omega),up_to_constant,0.050067,1.000201,1e-06,0.999976,9e-06,0.090825
III.4.33,III.4.33,Feynman III.4.33,kg*m^2/s^2,4,0.01,368,250,0.3207,True,249,10,0.261694,0.999929,0.0,(h/(2*pi))*omega/(exp((h/(2*pi))*omega/(kb*T))-1),0.998*(T*kb) + 0.1148*(1/T*h*1/kb) + -0.08196*(h*omega) + -0.07893*(1/T*h*1/omega) + -0.06972*(1/T*1/h*omega) + 0.01877*(1/h*kb) + -0.01075*(T*1/kb*1/omega) + 0.005317*(h*kb*1/omega) + 0.003554*(1/T*h*omega**(2)) + 0.0008459*(T*1/kb*omega**(2)),up_to_constant,0.055418,1.001052,4e-06,0.999965,1.3e-05,0.098471
III.4.33,III.4.33,Feynman III.4.33,kg*m^2/s^2,4,0.02,368,250,0.3207,True,249,9,0.504578,0.999713,0.0,(h/(2*pi))*omega/(exp((h/(2*pi))*omega/(kb*T))-1),0.9963*(T*kb) + 0.1114*(1/T*h*1/kb) + -0.08161*(h*omega) + -0.06296*(1/T*1/h*omega) + -0.007976*(h**(2)*1/omega) + 0.003184*(1/T*h**(2)*omega) + 0.00208*(T**(2)*kb*1/omega) + 0.001128*(T*1/kb*omega**(2)) + 0.0001615*(kb**(2)*omega**(2)),up_to_constant,0.084049,1.002139,1e-05,0.999897,3.7e-05,0.091097
III.7.38,III.7.38,Feynman III.7.38,1/s,3,0.0,124,124,0.0,False,123,1,0.0,1.0,0.0,2*mom*B/(h/(2*pi)),12.57*(B*1/h*mom),exact,0.0,1.0,0.0,1.0,0.0,0.064881
III.7.38,III.7.38,Feynman III.7.38,1/s,3,0.01,124,124,0.0,False,123,1,4.413556,0.99992,0.0,2*mom*B/(h/(2*pi)),12.57*(B*1/h*mom),up_to_constant,0.000269,1.000269,0.0,1.0,0.0,0.06166
III.7.38,III.7.38,Feynman III.7.38,1/s,3,0.02,124,124,0.0,False,123,1,17.654223,0.99968,0.0,2*mom*B/(h/(2*pi)),12.57*(B*1/h*mom),up_to_constant,0.000538,1.000538,0.0,0.999999,0.0,0.065841
III.8.54,III.8.54,Feynman III.8.54,1,3,0.0,124,124,0.0,False,123,1,2.859896,0.109447,0.336713,sin(E_n*t/(h/(2*pi)))**2,0.2644*(1/E_n*1/h*t**(2)) + 0.3367,wrong,230.788279,7.078825,0.250389,-0.399219,0.449638,0.065199
III.8.54,III.8.54,Feynman III.8.54,1,3,0.01,124,124,0.0,False,123,1,2.873784,0.108985,0.336888,sin(E_n*t/(h/(2*pi)))**2,0.2642*(1/E_n*1/h*t**(2)) + 0.3369,wrong,230.82763,7.08026,0.250388,-0.398811,0.449507,0.064248
III.8.54,III.8.54,Feynman III.8.54,1,3,0.02,124,124,0.0,False,123,1,2.888276,0.108508,0.337064,sin(E_n*t/(h/(2*pi)))**2,0.2641*(1/E_n*1/h*t**(2)) + 0.3371,wrong,230.866982,7.081696,0.250386,-0.398403,0.449376,0.066211
III.9.52,III.9.52,Feynman III.9.52,1,6,0.0,6688,250,0.9626,True,248,8,4901.712401,0.656716,-48.816053,(p_d*Ef*t/(h/(2*pi)))*sin((omega-omega_0)*t/2)**2/((omega-omega_0)*t/2)**2,31.88*(cos(omega/omega_0)) + 31.09*(sin(omega/omega_0)) + 15.39*(Ef*Abs(omega_0)**(-1/2)) + 14.56*(1/h*p_d) + -13.22*(1/omega*Abs(t)**(-1/2)) + -2.277*(h*Abs(t)**(-1/2)) + -1.272*(1/(omega/omega_0)**2) + 1.266*(exp(omega/omega_0)) + -48.82,wrong,88.478566,1.25753,0.148885,-54.964933,41.563187,0.336438
III.9.52,III.9.52,Feynman III.9.52,1,6,0.01,6688,250,0.9626,True,248,8,4909.510219,0.656031,-48.544771,(p_d*Ef*t/(h/(2*pi)))*sin((omega-omega_0)*t/2)**2/((omega-omega_0)*t/2)**2,31.77*(cos(omega/omega_0)) + 30.9*(sin(omega/omega_0)) + 15.37*(Ef*Abs(omega_0)**(-1/2)) + 14.59*(1/h*p_d) + -13.17*(1/omega*Abs(t)**(-1/2)) + -2.29*(h*Abs(t)**(-1/2)) + -1.289*(1/(omega/omega_0)**2) + 1.254*(exp(omega/omega_0)) + -48.54,wrong,89.325133,1.247922,0.148769,-53.922344,40.788893,0.324239
III.9.52,III.9.52,Feynman III.9.52,1,6,0.02,6688,250,0.9626,True,248,8,4918.837978,0.655256,-48.273489,(p_d*Ef*t/(h/(2*pi)))*sin((omega-omega_0)*t/2)**2/((omega-omega_0)*t/2)**2,31.65*(cos(omega/omega_0)) + 30.7*(sin(omega/omega_0)) + 15.35*(Ef*Abs(omega_0)**(-1/2)) + 14.62*(1/h*p_d) + -13.13*(1/omega*Abs(t)**(-1/2)) + -2.304*(h*Abs(t)**(-1/2)) + -1.307*(1/(omega/omega_0)**2) + 1.241*(exp(omega/omega_0)) + -48.27,wrong,90.1717,1.238314,0.148658,-52.889689,40.021976,0.34253
III.10.19,III.10.19,Feynman III.10.19,kg*m^2/s^2,4,0.0,16928,250,0.9852,True,234,10,8.800473,0.996199,0.0,mom*sqrt(Bx**2+By**2+Bz**2),4.108*(1/mom**(2)) + 2.29*(sqrt(Abs(By))*mom) + -2.139*(Bx*1/mom) + -1.789*(Abs(Bx)**(-1/2)*tanh(By/Bz)) + -1.321*(Abs(Bx)**(-1/2)*sin(Bx/Bz)) + -1.008*(Abs(By)**(-1/2)*cos(Bx/By)) + -0.6485*(Abs(By)**(-1/2)*sin(Bx/By)) + 0.5704*(1/(By/Bz)) + 0.428*(Bz*mom) + 0.3675*(Bx**(2)),approx,0.291632,1.000845,0.000658,0.983758,0.003999,0.888391
III.10.19,III.10.19,Feynman III.10.19,kg*m^2/s^2,4,0.01,16928,250,0.9852,True,234,10,9.343123,0.996258,0.0,mom*sqrt(Bx**2+By**2+Bz**2),4.112*(1/mom**(2)) + -3.01*(Abs(By)**(-1/2)*exp(-(Bx/By)**2/2)) + 2.317*(sqrt(Abs(By))*mom) + -2.116*(Bx*1/mom) + -1.31*(Abs(Bx)**(-1/2)*sin(Bx/Bz)) + 0.839*(1/(By/Bz)) + -0.7784*(Abs(Bx)**(-1/2)*tanh(By/Bz)) + -0.6701*(Abs(By)**(-1/2)*sin(Bx/By)) + 0.4194*(Bz*mom) + 0.3597*(Bx**(2)),up_to_constant,0.264286,1.000369,0.000648,0.984457,0.003827,0.923348
III.10.19,III.10.19,Feynman III.10.19,kg*m^2/s^2,4,0.02,16928,250,0.9852,True,234,10,8.83267,0.996104,0.0,mom*sqrt(Bx**2+By**2+Bz**2),4.141*(1/mom**(2)) + -3.066*(Abs(By)**(-1/2)*exp(-(Bx/By)**2/2)) + 2.32*(sqrt(Abs(By))*mom) + -2.143*(Bx*1/mom) + -1.306*(Abs(Bx)**(-1/2)*sin(Bx/Bz)) + 0.8467*(1/(By/Bz)) + -0.7422*(Abs(Bx)**(-1/2)*tanh(By/Bz)) + -0.6405*(Abs(By)**(-1/2)*sin(Bx/By)) + 0.4169*(Bz*mom) + 0.3607*(Bx**(2)),up_to_constant,0.266769,1.000321,0.00065,0.98445,0.003828,0.872686
III.12.43,III.12.43,Feynman III.12.43,kg*m^2/s,2,0.0,640,250,0.6094,True,201,1,0.0,1.0,0.0,n*(h/(2*pi)),0.1592*(h*n),exact,0.0,1.0,0.0,1.0,0.0,0.089767
III.12.43,III.12.43,Feynman III.12.43,kg*m^2/s,2,0.01,640,250,0.6094,True,201,1,0.002698,0.99992,0.0,n*(h/(2*pi)),0.1592*(h*n),up_to_constant,0.000294,1.000294,0.0,1.0,0.0,0.090558
III.12.43,III.12.43,Feynman III.12.43,kg*m^2/s,2,0.02,640,250,0.6094,True,201,1,0.010792,0.999681,0.0,n*(h/(2*pi)),0.1592*(h*n),up_to_constant,0.000589,1.000589,0.0,0.999999,0.0,0.087275
III.13.18,III.13.18,Feynman III.13.18,m/s,4,0.0,368,250,0.3207,True,249,10,219337.89526,0.995083,0.0,2*E_n*d**2*k/(h/(2*pi)),240.3*(sqrt(Abs(E_n))*1/k) + -194.2*(E_n*1/d*1/h) + -74.2*(E_n**(2)*1/h*1/k) + -41.4*(d**(2)*1/k) + 36.32*(E_n*d**(2)*1/h) + 21.51*(E_n*1/h*k**(2)) + -15.3*(sqrt(Abs(d))*k**(2)) + 10.47*(1/E_n*d*h) + 2.471*(1/E_n*1/d*h**(2)) + 1.942*(d**(2)*k**(2)),approx,14.556971,1.093631,0.002845,0.958302,0.025525,0.093465
III.13.18,III.13.18,Feynman III.13.18,m/s,4,0.01,368,250,0.3207,True,249,10,217121.404456,0.994796,0.0,2*E_n*d**2*k/(h/(2*pi)),-195.1*(1/h**(2)) + 168.4*(sqrt(Abs(E_n))*1/k) + -82.02*(E_n**(2)*1/h*1/k) + 36.17*(E_n*d**(2)*1/h) + -29.54*(d**(2)*1/k) + 21.25*(E_n*1/h*k**(2)) + -11.86*(sqrt(Abs(d))*k**(2)) + 7.947*(1/E_n*1/d*h**(2)) + -3.707*(E_n*1/d*k**(2)) + 1.761*(d**(2)*k**(2)),approx,18.137053,1.146897,0.002933,0.960803,0.023994,0.091723
III.13.18,III.13.18,Feynman III.13.18,m/s,4,0.02,368,250,0.3207,True,249,10,218249.797659,0.994506,0.0,2*E_n*d**2*k/(h/(2*pi)),-194.4*(1/h**(2)) + 166.9*(sqrt(Abs(E_n))*1/k) + -81.27*(E_n**(2)*1/h*1/k) + 36.12*(E_n*d**(2)*1/h) + -29.56*(d**(2)*1/k) + 21.34*(E_n*1/h*k**(2)) + -12.01*(sqrt(Abs(d))*k**(2)) + 8.149*(1/E_n*1/d*h**(2)) + -3.705*(E_n*1/d*k**(2)) + 1.776*(d**(2)*k**(2)),approx,18.239602,1.146191,0.002938,0.960553,0.024147,0.094185
III.14.14,III.14.14,Feynman III.14.14,A,5,0.0,961,250,0.7399,True,249,10,574.366546,0.905276,0.0,I_0*(exp(q*Volt/(kb*T))-1),38.52*(1/T*1/kb) + -35.05*(1/T*1/Volt) + -14.88*(Volt*1/q) + 12.81*(Abs(T)**(-1/2)*Abs(kb)**(-1/2)) + -8.584*(T*q) + 7.296*(1/Volt*kb**(2)) + 6.11*(1/I_0*T**(2)) + -5.4*(kb*q) + 3.6*(sqrt(Abs(I_0))*q**(2)) + 2.913*(sqrt(Abs(I_0))*Volt**(2)),wrong,4.07071,0.979434,0.045579,-0.005714,0.991368,0.135654
III.14.14,III.14.14,Feynman III.14.14,A,5,0.01,961,250,0.7399,True,249,10,574.184052,0.905283,0.0,I_0*(exp(q*Volt/(kb*T))-1),38.02*(1/T*1/kb) + -34.87*(1/T*1/Volt) + -14.86*(Volt*1/q) + 13.12*(Abs(T)**(-1/2)*Abs(kb)**(-1/2)) + -8.562*(T*q) + 7.247*(1/Volt*kb**(2)) + 6.083*(1/I_0*T**(2)) + -5.406*(kb*q) + 3.599*(sqrt(Abs(I_0))*q**(2)) + 2.91*(sqrt(Abs(I_0))*Volt**(2)),wrong,4.036418,0.978528,0.045581,-0.005749,0.991402,0.134861
III.14.14,III.14.14,Feynman III.14.14,A,5,0.02,961,250,0.7399,True,249,10,627.776585,0.905154,0.0,I_0*(exp(q*Volt/(kb*T))-1),37.52*(1/T*1/kb) + -34.69*(1/T*1/Volt) + -14.84*(Volt*1/q) + 13.44*(Abs(T)**(-1/2)*Abs(kb)**(-1/2)) + -8.54*(T*q) + 7.199*(1/Volt*kb**(2)) + 6.056*(1/I_0*T**(2)) + -5.413*(kb*q) + 3.599*(sqrt(Abs(I_0))*q**(2)) + 2.906*(sqrt(Abs(I_0))*Volt**(2)),wrong,4.002126,0.977622,0.045589,-0.005784,0.991437,0.157742
III.15.12,III.15.12,Feynman III.15.12,kg*m^2/s^2,3,0.0,124,124,0.0,False,123,7,880.30429,0.268364,0.0,2*U*(1-cos(k*d)),-12.87*(1/U*1/d*1/k) + 11.7*(1/U*Abs(d)**(-1/2)) + 2.284*(U**(2)*1/d*1/k) + -0.0585*(1/U*d**(2)*k**(2)) + 0.03582*(d**(2)*k**(2)) + -0.02138*(U**(2)*1/d*k**(2)) + -0.01356*(U**(2)*d**(2)*1/k),wrong,177.902499,7.133236,0.312427,-0.661722,0.642281,0.065792
III.15.12,III.15.12,Feynman III.15.12,kg*m^2/s^2,3,0.01,124,124,0.0,False,123,7,871.574683,0.269281,0.0,2*U*(1-cos(k*d)),-12.92*(1/U*1/d*1/k) + 11.73*(1/U*Abs(d)**(-1/2)) + 2.283*(U**(2)*1/d*1/k) + -0.05893*(1/U*d**(2)*k**(2)) + 0.03597*(d**(2)*k**(2)) + -0.02141*(U**(2)*1/d*k**(2)) + -0.01358*(U**(2)*d**(2)*1/k),wrong,178.221218,7.132204,0.312385,-0.671794,0.646174,0.06162
III.15.12,III.15.12,Feynman III.15.12,kg*m^2/s^2,3,0.02,124,124,0.0,False,123,7,863.03843,0.270164,0.0,2*U*(1-cos(k*d)),-12.98*(1/U*1/d*1/k) + 11.77*(1/U*Abs(d)**(-1/2)) + 2.282*(U**(2)*1/d*1/k) + -0.05936*(1/U*d**(2)*k**(2)) + 0.03612*(d**(2)*k**(2)) + -0.02144*(U**(2)*1/d*k**(2)) + -0.0136*(U**(2)*d**(2)*1/k),wrong,178.539937,7.131172,0.312345,-0.681992,0.650115,0.064605
III.15.14,III.15.14,Feynman III.15.14,kg,3,0.0,124,124,0.0,False,123,10,0.000563,0.978158,0.0,(h/(2*pi))**2/(2*E_n*d**2),0.009028*(1/d*h) + -0.007713*(1/d*sqrt(Abs(h))) + 0.007572*(1/E_n*1/d*h**(2)) + 0.005947*(1/d**(2)) + -0.002774*(1/E_n**(2)) + -0.002104*(sqrt(Abs(d))*h) + -0.0002059*(1/d*h**(2)) + 7.88e-05*(d**(3)) + -2.388e-05*(1/E_n*d**(2)*h**(2)),wrong,10.969098,0.693947,0.030628,0.906578,0.074808,0.065394
III.15.14,III.15.14,Feynman III.15.14,kg,3,0.01,124,124,0.0,False,123,10,0.000595,0.977928,0.0,(h/(2*pi))**2/(2*E_n*d**2),0.009689*(1/d*h) + -0.008427*(1/d*sqrt(Abs(h))) + 0.007557*(1/E_n*1/d*h**(2)) + 0.005965*(1/d**(2)) + -0.002723*(1/E_n**(2)) + -0.002108*(sqrt(Abs(d))*h) + -0.0002752*(1/d*h**(2)) + 7.837e-05*(d**(3)) + -2.362e-05*(1/E_n*d**(2)*h**(2)),wrong,10.764497,0.678985,0.030942,0.905507,0.075666,0.067528
III.15.14,III.15.14,Feynman III.15.14,kg,3,0.02,124,124,0.0,False,123,10,0.000606,0.977551,0.0,(h/(2*pi))**2/(2*E_n*d**2),0.01035*(1/d*h) + -0.009141*(1/d*sqrt(Abs(h))) + 0.007542*(1/E_n*1/d*h**(2)) + 0.005982*(1/d**(2)) + -0.002672*(1/E_n**(2)) + -0.002111*(sqrt(Abs(d))*h) + -0.0003446*(1/d*h**(2)) + 7.794e-05*(d**(3)) + -2.337e-05*(1/E_n*d**(2)*h**(2)),wrong,10.559895,0.664023,0.031267,0.904407,0.076547,0.062471
III.15.27,III.15.27,Feynman III.15.27,1/m,3,0.0,5704,250,0.9562,True,221,9,2.152498,0.992682,0.0,2*pi*alpha/(n*d),-12.58*(Abs(d)**(-1/2)*sqrt(Abs(alpha/n))) + 10.42*(Abs(d)**(-1/2)*alpha/n) + 6.284*(1/d) + 2.749*(Abs(d)**(-1/2)*sin(alpha/n)) + -0.8898*(d*1/n) + 0.8237*(1/alpha*d) + 0.395*(Abs(alpha)**(-1/2)*cos(n)) + -0.2505*(Abs(alpha)**(-1/2)*cos(alpha)) + -0.08862*(Abs(alpha)**(-1/2)*1/(alpha/n)**2),approx,0.810467,1.003357,0.002755,0.975852,0.012865,0.289008
III.15.27,III.15.27,Feynman III.15.27,1/m,3,0.01,5704,250,0.9562,True,221,9,2.16267,0.992636,0.0,2*pi*alpha/(n*d),-12.54*(Abs(d)**(-1/2)*sqrt(Abs(alpha/n))) + 10.4*(Abs(d)**(-1/2)*alpha/n) + 6.276*(1/d) + 2.743*(Abs(d)**(-1/2)*sin(alpha/n)) + -0.8891*(d*1/n) + 0.8221*(1/alpha*d) + 0.3945*(Abs(alpha)**(-1/2)*cos(n)) + -0.2519*(Abs(alpha)**(-1/2)*cos(alpha)) + -0.08974*(Abs(alpha)**(-1/2)*1/(alpha/n)**2),approx,0.801138,1.00291,0.002756,0.975879,0.01285,0.286056
III.15.27,III.15.27,Feynman III.15.27,1/m,3,0.02,5704,250,0.9562,True,221,9,2.203585,0.992437,0.0,2*pi*alpha/(n*d),-12.51*(Abs(d)**(-1/2)*sqrt(Abs(alpha/n))) + 10.38*(Abs(d)**(-1/2)*alpha/n) + 6.268*(1/d) + 2.738*(Abs(d)**(-1/2)*sin(alpha/n)) + -0.8883*(d*1/n) + 0.8206*(1/alpha*d) + 0.3939*(Abs(alpha)**(-1/2)*cos(n)) + -0.2533*(Abs(alpha)**(-1/2)*cos(alpha)) + -0.09087*(Abs(alpha)**(-1/2)*1/(alpha/n)**2),approx,0.791809,1.002464,0.002759,0.97588,0.01285,0.30594
III.17.37,III.17.37,Feynman III.17.37,1,3,0.0,11284,250,0.9778,True,223,10,172.281599,0.918504,19.941245,beta*(1+alpha*cos(theta)),-76*(Abs(alpha)**(-1/2)*exp(-(theta)**2)) + 15.29*(cos(theta)) + -7.071*(sin(beta/theta)) + -5.002*(sin(alpha/theta)) + 4.985*(exp(-(beta/alpha)**2)) + -1.857*(alpha*sqrt(Abs(beta))) + -1.805*(cos(beta)) + 0.7822*(beta*theta) + -0.2019*(Abs(alpha)**(-1/2)*exp(theta)) + 19.94,wrong,188.385819,3.754256,0.078224,-0.749167,1.646627,0.512737
III.17.37,III.17.37,Feynman III.17.37,1,3,0.01,11284,250,0.9778,True,223,10,171.914583,0.918028,19.924771,beta*(1+alpha*cos(theta)),-75.99*(Abs(alpha)**(-1/2)*exp(-(theta)**2)) + 15.29*(cos(theta)) + -7.062*(sin(beta/theta)) + -4.992*(sin(alpha/theta)) + 4.982*(exp(-(beta/alpha)**2)) + -1.857*(alpha*sqrt(Abs(beta))) + -1.817*(cos(beta)) + 0.7828*(beta*theta) + -0.202*(Abs(alpha)**(-1/2)*exp(theta)) + 19.92,wrong,187.813649,3.746767,0.078227,-0.75153,1.648852,0.519873
III.17.37,III.17.37,Feynman III.17.37,1,3,0.02,11284,250,0.9778,True,223,10,171.756173,0.91741,19.908298,beta*(1+alpha*cos(theta)),-75.99*(Abs(alpha)**(-1/2)*exp(-(theta)**2)) + 15.3*(cos(theta)) + -7.053*(sin(beta/theta)) + -4.983*(sin(alpha/theta)) + 4.978*(exp(-(beta/alpha)**2)) + -1.856*(alpha*sqrt(Abs(beta))) + -1.829*(cos(beta)) + 0.7833*(beta*theta) + -0.2022*(Abs(alpha)**(-1/2)*exp(theta)) + 19.91,wrong,187.241478,3.739279,0.078234,-0.753898,1.651081,0.522485
III.19.51,III.19.51,Feynman III.19.51,kg*m^2/s^2,5,0.0,15376,250,0.9837,True,243,7,17.002921,0.435966,0.0,-m*q**4/(2*(4*pi*epsilon)**2*(h/(2*pi))**2)*(1/n**2),-7.123*(1/epsilon*m) + 6.434*(Abs(epsilon)**(-1/2)*m) + 1.705*(1/epsilon*1/n) + -1.35*(m*Abs(n)**(-1/2)) + -1.278*(1/h*m) + 0.3902*(1/epsilon*1/h) + -0.05477*(epsilon*h),wrong,33.367762,2.387416,0.469137,-0.18089,1.033958,0.936136
III.19.51,III.19.51,Feynman III.19.51,kg*m^2/s^2,5,0.01,15376,250,0.9837,True,243,7,17.056852,0.435329,0.0,-m*q**4/(2*(4*pi*epsilon)**2*(h/(2*pi))**2)*(1/n**2),-7.115*(1/epsilon*m) + 6.422*(Abs(epsilon)**(-1/2)*m) + 1.642*(1/epsilon*1/n) + -1.338*(m*Abs(n)**(-1/2)) + -1.282*(1/h*m) + 0.4274*(1/epsilon*1/h) + -0.05477*(epsilon*h),wrong,33.265429,2.3863,0.468998,-0.181031,1.034081,0.922989
III.19.51,III.19.51,Feynman III.19.51,kg*m^2/s^2,5,0.02,15376,250,0.9837,True,243,8,16.711637,0.452362,0.0,-m*q**4/(2*(4*pi*epsilon)**2*(h/(2*pi))**2)*(1/n**2),-7.016*(1/epsilon*m) + 6.491*(Abs(epsilon)**(-1/2)*m) + -1.228*(1/h*m) + 1.16*(1/epsilon*1/n) + -1.147*(m*Abs(n)**(-1/2)) + 0.1202*(1/epsilon*1/h) + -0.0587*(m*q) + -0.05099*(epsilon*h),wrong,29.763045,2.961264,0.453483,-0.042726,0.912985,0.943939
III.21.20,III.21.20,Feynman III.21.20,A/m^2,4,0.0,368,250,0.3207,True,249,9,72.534779,0.995509,0.0,-rho_c_0*q*A_vec/m,3.324*(1/q*sqrt(Abs(rho_c_0))) + -2.428*(A_vec*1/m*rho_c_0) + -0.7618*(1/A_vec*m**(2)*1/rho_c_0) + 0.7397*(1/A_vec*1/m*rho_c_0**(2)) + -0.4333*(1/m*q**(2)*rho_c_0) + 0.3473*(q**(2)) + -0.02457*(A_vec**(2)*q**(2)) + 0.007902*(A_vec**(2)*m**(2)) + -0.007356*(m**(2)*rho_c_0**(2)),approx,2.335314,1.002335,0.002184,0.957408,0.023141,0.091739
III.21.20,III.21.20,Feynman III.21.20,A/m^2,4,0.01,368,250,0.3207,True,249,10,72.628765,0.995939,0.0,-rho_c_0*q*A_vec/m,2.59*(1/q*sqrt(Abs(rho_c_0))) + -2.55*(A_vec*1/m*rho_c_0) + 0.8306*(1/A_vec*1/m*rho_c_0**(2)) + -0.6838*(1/A_vec*m**(2)*1/rho_c_0) + -0.4187*(1/m*q**(2)*rho_c_0) + 0.3501*(A_vec**(2)*1/m*1/q) + 0.3173*(q**(2)) + -0.02348*(A_vec**(2)*q**(2)) + 0.007136*(A_vec**(2)*m**(2)) + -0.005694*(m**(2)*rho_c_0**(2)),approx,2.675565,1.000226,0.001974,0.965212,0.018901,0.090601
III.21.20,III.21.20,Feynman III.21.20,A/m^2,4,0.02,368,250,0.3207,True,249,10,79.411981,0.995321,0.0,-rho_c_0*q*A_vec/m,-3.663*(1/A_vec*1/rho_c_0) + 3.426*(1/A_vec*1/m*rho_c_0) + 3.236*(1/q*sqrt(Abs(rho_c_0))) + -2.673*(A_vec*1/m*rho_c_0) + -0.5149*(1/A_vec*m**(2)*1/q) + -0.3656*(1/m*q**(2)*rho_c_0) + 0.182*(q**(2)) + 0.04638*(A_vec**(2)*1/q*rho_c_0) + 0.03241*(A_vec**(2)*m*1/rho_c_0) + -0.01916*(A_vec**(2)*q**(2)),approx,4.344874,1.023842,0.002275,0.973107,0.014612,0.094075
